-- MySQL dump 10.13  Distrib 5.7.22, for Linux (x86_64)
--
-- Host: localhost    Database: colecao_album_copa
-- ------------------------------------------------------
-- Server version	5.7.22-0ubuntu0.16.04.1

/*!40101 SET @OLD_CHARACTER_SET_CLIENT=@@CHARACTER_SET_CLIENT */;
/*!40101 SET @OLD_CHARACTER_SET_RESULTS=@@CHARACTER_SET_RESULTS */;
/*!40101 SET @OLD_COLLATION_CONNECTION=@@COLLATION_CONNECTION */;
/*!40101 SET NAMES utf8 */;
/*!40103 SET @OLD_TIME_ZONE=@@TIME_ZONE */;
/*!40103 SET TIME_ZONE='+00:00' */;
/*!40014 SET @OLD_UNIQUE_CHECKS=@@UNIQUE_CHECKS, UNIQUE_CHECKS=0 */;
/*!40014 SET @OLD_FOREIGN_KEY_CHECKS=@@FOREIGN_KEY_CHECKS, FOREIGN_KEY_CHECKS=0 */;
/*!40101 SET @OLD_SQL_MODE=@@SQL_MODE, SQL_MODE='NO_AUTO_VALUE_ON_ZERO' */;
/*!40111 SET @OLD_SQL_NOTES=@@SQL_NOTES, SQL_NOTES=0 */;

--
-- Table structure for table `ativas`
--

DROP TABLE IF EXISTS `ativas`;
/*!40101 SET @saved_cs_client     = @@character_set_client */;
/*!40101 SET character_set_client = utf8 */;
CREATE TABLE `ativas` (
  `ID` bigint(20) unsigned NOT NULL,
  `Completada` tinyint(1) NOT NULL DEFAULT '0',
  PRIMARY KEY (`ID`),
  CONSTRAINT `ativas_ibfk_1` FOREIGN KEY (`ID`) REFERENCES `troca` (`ID`) ON DELETE CASCADE
) ENGINE=InnoDB DEFAULT CHARSET=latin1;
/*!40101 SET character_set_client = @saved_cs_client */;

--
-- Dumping data for table `ativas`
--

LOCK TABLES `ativas` WRITE;
/*!40000 ALTER TABLE `ativas` DISABLE KEYS */;
/*!40000 ALTER TABLE `ativas` ENABLE KEYS */;
UNLOCK TABLES;

--
-- Table structure for table `escudo`
--

DROP TABLE IF EXISTS `escudo`;
/*!40101 SET @saved_cs_client     = @@character_set_client */;
/*!40101 SET character_set_client = utf8 */;
CREATE TABLE `escudo` (
  `ID` smallint(3) unsigned NOT NULL,
  `Pais` varchar(20) NOT NULL,
  PRIMARY KEY (`ID`),
  CONSTRAINT `escudo_ibfk_1` FOREIGN KEY (`ID`) REFERENCES `figurinha` (`ID`)
) ENGINE=InnoDB DEFAULT CHARSET=latin1;
/*!40101 SET character_set_client = @saved_cs_client */;

--
-- Dumping data for table `escudo`
--

LOCK TABLES `escudo` WRITE;
/*!40000 ALTER TABLE `escudo` DISABLE KEYS */;
/*!40000 ALTER TABLE `escudo` ENABLE KEYS */;
UNLOCK TABLES;

--
-- Table structure for table `especial`
--

DROP TABLE IF EXISTS `especial`;
/*!40101 SET @saved_cs_client     = @@character_set_client */;
/*!40101 SET character_set_client = utf8 */;
CREATE TABLE `especial` (
  `ID` smallint(3) unsigned NOT NULL,
  PRIMARY KEY (`ID`),
  CONSTRAINT `especial_ibfk_1` FOREIGN KEY (`ID`) REFERENCES `figurinha` (`ID`)
) ENGINE=InnoDB DEFAULT CHARSET=latin1;
/*!40101 SET character_set_client = @saved_cs_client */;

--
-- Dumping data for table `especial`
--

LOCK TABLES `especial` WRITE;
/*!40000 ALTER TABLE `especial` DISABLE KEYS */;
/*!40000 ALTER TABLE `especial` ENABLE KEYS */;
UNLOCK TABLES;

--
-- Table structure for table `estadio`
--

DROP TABLE IF EXISTS `estadio`;
/*!40101 SET @saved_cs_client     = @@character_set_client */;
/*!40101 SET character_set_client = utf8 */;
CREATE TABLE `estadio` (
  `ID` smallint(3) unsigned NOT NULL,
  `Cidade` varchar(20) NOT NULL,
  `Capacidade` mediumint(8) unsigned NOT NULL,
  PRIMARY KEY (`ID`),
  CONSTRAINT `estadio_ibfk_1` FOREIGN KEY (`ID`) REFERENCES `figurinha` (`ID`)
) ENGINE=InnoDB DEFAULT CHARSET=latin1;
/*!40101 SET character_set_client = @saved_cs_client */;

--
-- Dumping data for table `estadio`
--

LOCK TABLES `estadio` WRITE;
/*!40000 ALTER TABLE `estadio` DISABLE KEYS */;
/*!40000 ALTER TABLE `estadio` ENABLE KEYS */;
UNLOCK TABLES;

--
-- Table structure for table `fig_colecao`
--

DROP TABLE IF EXISTS `fig_colecao`;
/*!40101 SET @saved_cs_client     = @@character_set_client */;
/*!40101 SET character_set_client = utf8 */;
CREATE TABLE `fig_colecao` (
  `Usuario` char(11) NOT NULL,
  `ID` smallint(3) unsigned NOT NULL,
  `Quantidade` tinyint(3) unsigned NOT NULL,
  PRIMARY KEY (`Usuario`,`ID`),
  KEY `ID` (`ID`),
  CONSTRAINT `fig_colecao_ibfk_1` FOREIGN KEY (`Usuario`) REFERENCES `usuario` (`CPF`) ON DELETE CASCADE,
  CONSTRAINT `fig_colecao_ibfk_2` FOREIGN KEY (`ID`) REFERENCES `figurinha` (`ID`)
) ENGINE=InnoDB DEFAULT CHARSET=latin1;
/*!40101 SET character_set_client = @saved_cs_client */;

--
-- Dumping data for table `fig_colecao`
--

LOCK TABLES `fig_colecao` WRITE;
/*!40000 ALTER TABLE `fig_colecao` DISABLE KEYS */;
INSERT INTO `fig_colecao` VALUES ('11622553344',0,0),('11622553344',1,0),('11622553344',2,0),('11622553344',3,0),('11622553344',4,0),('11622553344',5,0),('11622553344',6,0),('11622553344',7,0),('11622553344',8,0),('11622553344',9,0),('11622553344',10,0),('11622553344',11,0),('11622553344',12,0),('11622553344',13,0),('11622553344',14,0),('11622553344',15,0),('11622553344',16,0),('11622553344',17,0),('11622553344',18,0),('11622553344',19,0),('11622553344',20,0),('11622553344',21,0),('11622553344',22,0),('11622553344',23,0),('11622553344',24,0),('11622553344',25,0),('11622553344',26,0),('11622553344',27,0),('11622553344',28,0),('11622553344',29,0),('11622553344',30,0),('11622553344',31,0),('11622553344',32,0),('11622553344',33,0),('11622553344',34,0),('11622553344',35,0),('11622553344',36,0),('11622553344',37,0),('11622553344',38,0),('11622553344',39,0),('11622553344',40,0),('11622553344',41,0),('11622553344',42,0),('11622553344',43,0),('11622553344',44,0),('11622553344',45,0),('11622553344',46,0),('11622553344',47,0),('11622553344',48,0),('11622553344',49,0),('11622553344',50,0),('11622553344',51,0),('11622553344',52,0),('11622553344',53,0),('11622553344',54,0),('11622553344',55,0),('11622553344',56,0),('11622553344',57,0),('11622553344',58,0),('11622553344',59,0),('11622553344',60,0),('11622553344',61,0),('11622553344',62,0),('11622553344',63,0),('11622553344',64,0),('11622553344',65,0),('11622553344',66,0),('11622553344',67,0),('11622553344',68,0),('11622553344',69,0),('11622553344',70,0),('11622553344',71,0),('11622553344',72,0),('11622553344',73,0),('11622553344',74,0),('11622553344',75,0),('11622553344',76,0),('11622553344',77,0),('11622553344',78,0),('11622553344',79,0),('11622553344',80,0),('11622553344',81,0),('11622553344',82,0),('11622553344',83,0),('11622553344',84,0),('11622553344',85,0),('11622553344',86,0),('11622553344',87,0),('11622553344',88,0),('11622553344',89,0),('11622553344',90,0),('11622553344',91,0),('11622553344',92,0),('11622553344',93,0),('11622553344',94,0),('11622553344',95,0),('11622553344',96,0),('11622553344',97,0),('11622553344',98,0),('11622553344',99,0),('11622553344',100,0),('11622553344',101,0),('11622553344',102,0),('11622553344',103,0),('11622553344',104,0),('11622553344',105,0),('11622553344',106,0),('11622553344',107,0),('11622553344',108,0),('11622553344',109,0),('11622553344',110,0),('11622553344',111,0),('11622553344',112,0),('11622553344',113,0),('11622553344',114,0),('11622553344',115,0),('11622553344',116,0),('11622553344',117,0),('11622553344',118,0),('11622553344',119,0),('11622553344',120,0),('11622553344',121,0),('11622553344',122,0),('11622553344',123,0),('11622553344',124,0),('11622553344',125,0),('11622553344',126,0),('11622553344',127,0),('11622553344',128,0),('11622553344',129,0),('11622553344',130,0),('11622553344',131,0),('11622553344',132,0),('11622553344',133,0),('11622553344',134,0),('11622553344',135,0),('11622553344',136,0),('11622553344',137,0),('11622553344',138,0),('11622553344',139,0),('11622553344',140,0),('11622553344',141,0),('11622553344',142,0),('11622553344',143,0),('11622553344',144,0),('11622553344',145,0),('11622553344',146,0),('11622553344',147,0),('11622553344',148,0),('11622553344',149,0),('11622553344',150,0),('11622553344',151,0),('11622553344',152,0),('11622553344',153,0),('11622553344',154,0),('11622553344',155,0),('11622553344',156,0),('11622553344',157,0),('11622553344',158,0),('11622553344',159,0),('11622553344',160,0),('11622553344',161,0),('11622553344',162,0),('11622553344',163,0),('11622553344',164,0),('11622553344',165,0),('11622553344',166,0),('11622553344',167,0),('11622553344',168,0),('11622553344',169,0),('11622553344',170,0),('11622553344',171,0),('11622553344',172,0),('11622553344',173,0),('11622553344',174,0),('11622553344',175,0),('11622553344',176,0),('11622553344',177,0),('11622553344',178,0),('11622553344',179,0),('11622553344',180,0),('11622553344',181,0),('11622553344',182,0),('11622553344',183,0),('11622553344',184,0),('11622553344',185,0),('11622553344',186,0),('11622553344',187,0),('11622553344',188,0),('11622553344',189,0),('11622553344',190,0),('11622553344',191,0),('11622553344',192,0),('11622553344',193,0),('11622553344',194,0),('11622553344',195,0),('11622553344',196,0),('11622553344',197,0),('11622553344',198,0),('11622553344',199,0),('11622553344',200,0),('11622553344',201,0),('11622553344',202,0),('11622553344',203,0),('11622553344',204,0),('11622553344',205,0),('11622553344',206,0),('11622553344',207,0),('11622553344',208,0),('11622553344',209,0),('11622553344',210,0),('11622553344',211,0),('11622553344',212,0),('11622553344',213,0),('11622553344',214,0),('11622553344',215,0),('11622553344',216,0),('11622553344',217,0),('11622553344',218,0),('11622553344',219,0),('11622553344',220,0),('11622553344',221,0),('11622553344',222,0),('11622553344',223,0),('11622553344',224,0),('11622553344',225,0),('11622553344',226,0),('11622553344',227,0),('11622553344',228,0),('11622553344',229,0),('11622553344',230,0),('11622553344',231,0),('11622553344',232,0),('11622553344',233,0),('11622553344',234,0),('11622553344',235,0),('11622553344',236,0),('11622553344',237,0),('11622553344',238,0),('11622553344',239,0),('11622553344',240,0),('11622553344',241,0),('11622553344',242,0),('11622553344',243,0),('11622553344',244,0),('11622553344',245,0),('11622553344',246,0),('11622553344',247,0),('11622553344',248,0),('11622553344',249,0),('11622553344',250,0),('11622553344',251,0),('11622553344',252,0),('11622553344',253,0),('11622553344',254,0),('11622553344',255,0),('11622553344',256,0),('11622553344',257,0),('11622553344',258,0),('11622553344',259,0),('11622553344',260,0),('11622553344',261,0),('11622553344',262,0),('11622553344',263,0),('11622553344',264,0),('11622553344',265,0),('11622553344',266,0),('11622553344',267,0),('11622553344',268,0),('11622553344',269,0),('11622553344',270,0),('11622553344',271,0),('11622553344',272,0),('11622553344',273,0),('11622553344',274,0),('11622553344',275,0),('11622553344',276,0),('11622553344',277,0),('11622553344',278,0),('11622553344',279,0),('11622553344',280,0),('11622553344',281,0),('11622553344',282,0),('11622553344',283,0),('11622553344',284,0),('11622553344',285,0),('11622553344',286,0),('11622553344',287,0),('11622553344',288,0),('11622553344',289,0),('11622553344',290,0),('11622553344',291,0),('11622553344',292,0),('11622553344',293,0),('11622553344',294,0),('11622553344',295,0),('11622553344',296,0),('11622553344',297,0),('11622553344',298,0),('11622553344',299,0),('11622553344',300,0),('11622553344',301,0),('11622553344',302,0),('11622553344',303,0),('11622553344',304,0),('11622553344',305,0),('11622553344',306,0),('11622553344',307,0),('11622553344',308,0),('11622553344',309,0),('11622553344',310,0),('11622553344',311,0),('11622553344',312,0),('11622553344',313,0),('11622553344',314,0),('11622553344',315,0),('11622553344',316,0),('11622553344',317,0),('11622553344',318,0),('11622553344',319,0),('11622553344',320,0),('11622553344',321,0),('11622553344',322,0),('11622553344',323,0),('11622553344',324,0),('11622553344',325,0),('11622553344',326,0),('11622553344',327,0),('11622553344',328,0),('11622553344',329,0),('11622553344',330,0),('11622553344',331,0),('11622553344',332,0),('11622553344',333,0),('11622553344',334,0),('11622553344',335,0),('11622553344',336,0),('11622553344',337,0),('11622553344',338,0),('11622553344',339,0),('11622553344',340,0),('11622553344',341,0),('11622553344',342,0),('11622553344',343,0),('11622553344',344,0),('11622553344',345,0),('11622553344',346,0),('11622553344',347,0),('11622553344',348,0),('11622553344',349,0),('11622553344',350,0),('11622553344',351,0),('11622553344',352,0),('11622553344',353,0),('11622553344',354,0),('11622553344',355,0),('11622553344',356,0),('11622553344',357,0),('11622553344',358,0),('11622553344',359,0),('11622553344',360,0),('11622553344',361,0),('11622553344',362,0),('11622553344',363,0),('11622553344',364,0),('11622553344',365,0),('11622553344',366,0),('11622553344',367,0),('11622553344',368,0),('11622553344',369,0),('11622553344',370,0),('11622553344',371,0),('11622553344',372,0),('11622553344',373,0),('11622553344',374,0),('11622553344',375,0),('11622553344',376,0),('11622553344',377,0),('11622553344',378,0),('11622553344',379,0),('11622553344',380,0),('11622553344',381,0),('11622553344',382,0),('11622553344',383,0),('11622553344',384,0),('11622553344',385,0),('11622553344',386,0),('11622553344',387,0),('11622553344',388,0),('11622553344',389,0),('11622553344',390,0),('11622553344',391,0),('11622553344',392,0),('11622553344',393,0),('11622553344',394,0),('11622553344',395,0),('11622553344',396,0),('11622553344',397,0),('11622553344',398,0),('11622553344',399,0),('11622553344',400,0),('11622553344',401,0),('11622553344',402,0),('11622553344',403,0),('11622553344',404,0),('11622553344',405,0),('11622553344',406,0),('11622553344',407,0),('11622553344',408,0),('11622553344',409,0),('11622553344',410,0),('11622553344',411,0),('11622553344',412,0),('11622553344',413,0),('11622553344',414,0),('11622553344',415,0),('11622553344',416,0),('11622553344',417,0),('11622553344',418,0),('11622553344',419,0),('11622553344',420,0),('11622553344',421,0),('11622553344',422,0),('11622553344',423,0),('11622553344',424,0),('11622553344',425,0),('11622553344',426,0),('11622553344',427,0),('11622553344',428,0),('11622553344',429,0),('11622553344',430,0),('11622553344',431,0),('11622553344',432,0),('11622553344',433,0),('11622553344',434,0),('11622553344',435,0),('11622553344',436,0),('11622553344',437,0),('11622553344',438,0),('11622553344',439,0),('11622553344',440,0),('11622553344',441,0),('11622553344',442,0),('11622553344',443,0),('11622553344',444,0),('11622553344',445,0),('11622553344',446,0),('11622553344',447,0),('11622553344',448,0),('11622553344',449,0),('11622553344',450,0),('11622553344',451,0),('11622553344',452,0),('11622553344',453,0),('11622553344',454,0),('11622553344',455,0),('11622553344',456,0),('11622553344',457,0),('11622553344',458,0),('11622553344',459,0),('11622553344',460,0),('11622553344',461,0),('11622553344',462,0),('11622553344',463,0),('11622553344',464,0),('11622553344',465,0),('11622553344',466,0),('11622553344',467,0),('11622553344',468,0),('11622553344',469,0),('11622553344',470,0),('11622553344',471,0),('11622553344',472,0),('11622553344',473,0),('11622553344',474,0),('11622553344',475,0),('11622553344',476,0),('11622553344',477,0),('11622553344',478,0),('11622553344',479,0),('11622553344',480,0),('11622553344',481,0),('11622553344',482,0),('11622553344',483,0),('11622553344',484,0),('11622553344',485,0),('11622553344',486,0),('11622553344',487,0),('11622553344',488,0),('11622553344',489,0),('11622553344',490,0),('11622553344',491,0),('11622553344',492,0),('11622553344',493,0),('11622553344',494,0),('11622553344',495,0),('11622553344',496,0),('11622553344',497,0),('11622553344',498,0),('11622553344',499,0),('11622553344',500,0),('11622553344',501,0),('11622553344',502,0),('11622553344',503,0),('11622553344',504,0),('11622553344',505,0),('11622553344',506,0),('11622553344',507,0),('11622553344',508,0),('11622553344',509,0),('11622553344',510,0),('11622553344',511,0),('11622553344',512,0),('11622553344',513,0),('11622553344',514,0),('11622553344',515,0),('11622553344',516,0),('11622553344',517,0),('11622553344',518,0),('11622553344',519,0),('11622553344',520,0),('11622553344',521,0),('11622553344',522,0),('11622553344',523,0),('11622553344',524,0),('11622553344',525,0),('11622553344',526,0),('11622553344',527,0),('11622553344',528,0),('11622553344',529,0),('11622553344',530,0),('11622553344',531,0),('11622553344',532,0),('11622553344',533,0),('11622553344',534,0),('11622553344',535,0),('11622553344',536,0),('11622553344',537,0),('11622553344',538,0),('11622553344',539,0),('11622553344',540,0),('11622553344',541,0),('11622553344',542,0),('11622553344',543,0),('11622553344',544,0),('11622553344',545,0),('11622553344',546,0),('11622553344',547,0),('11622553344',548,0),('11622553344',549,0),('11622553344',550,0),('11622553344',551,0),('11622553344',552,0),('11622553344',553,0),('11622553344',554,0),('11622553344',555,0),('11622553344',556,0),('11622553344',557,0),('11622553344',558,0),('11622553344',559,0),('11622553344',560,0),('11622553344',561,0),('11622553344',562,0),('11622553344',563,0),('11622553344',564,0),('11622553344',565,0),('11622553344',566,0),('11622553344',567,0),('11622553344',568,0),('11622553344',569,0),('11622553344',570,0),('11622553344',571,0),('11622553344',572,0),('11622553344',573,0),('11622553344',574,0),('11622553344',575,0),('11622553344',576,0),('11622553344',577,0),('11622553344',578,0),('11622553344',579,0),('11622553344',580,0),('11622553344',581,0),('11622553344',582,0),('11622553344',583,0),('11622553344',584,0),('11622553344',585,0),('11622553344',586,0),('11622553344',587,0),('11622553344',588,0),('11622553344',589,0),('11622553344',590,0),('11622553344',591,0),('11622553344',592,0),('11622553344',593,0),('11622553344',594,0),('11622553344',595,0),('11622553344',596,0),('11622553344',597,0),('11622553344',598,0),('11622553344',599,0),('11622553344',600,0),('11622553344',601,0),('11622553344',602,0),('11622553344',603,0),('11622553344',604,0),('11622553344',605,0),('11622553344',606,0),('11622553344',607,0),('11622553344',608,0),('11622553344',609,0),('11622553344',610,0),('11622553344',611,0),('11622553344',612,0),('11622553344',613,0),('11622553344',614,0),('11622553344',615,0),('11622553344',616,0),('11622553344',617,0),('11622553344',618,0),('11622553344',619,0),('11622553344',620,0),('11622553344',621,0),('11622553344',622,0),('11622553344',623,0),('11622553344',624,0),('11622553344',625,0),('11622553344',626,0),('11622553344',627,0),('11622553344',628,0),('11622553344',629,0),('11622553344',630,0),('11622553344',631,0),('11622553344',632,0),('11622553344',633,0),('11622553344',634,0),('11622553344',635,0),('11622553344',636,0),('11622553344',637,0),('11622553344',638,0),('11622553344',639,0),('11622553344',640,0),('11622553344',641,0),('11622553344',642,0),('11622553344',643,0),('11622553344',644,0),('11622553344',645,0),('11622553344',646,0),('11622553344',647,0),('11622553344',648,0),('11622553344',649,0),('11622553344',650,0),('11622553344',651,0),('11622553344',652,0),('11622553344',653,0),('11622553344',654,0),('11622553344',655,0),('11622553344',656,0),('11622553344',657,0),('11622553344',658,0),('11622553344',659,0),('11622553344',660,0),('11622553344',661,0),('11622553344',662,0),('11622553344',663,0),('11622553344',664,0),('11622553344',665,0),('11622553344',666,0),('11622553344',667,0),('11622553344',668,0),('11622553344',669,0),('11622553344',670,0),('11622553344',671,0),('11622553344',672,0),('11622553344',673,0),('11622553344',674,0),('11622553344',675,0),('11622553344',676,0),('11622553344',677,0),('11622553344',678,0),('11622553344',679,0),('11622553344',680,0),('11622553344',681,0),('12345123456',0,0),('12345123456',1,0),('12345123456',2,0),('12345123456',3,0),('12345123456',4,0),('12345123456',5,0),('12345123456',6,0),('12345123456',7,0),('12345123456',8,0),('12345123456',9,0),('12345123456',10,0),('12345123456',11,0),('12345123456',12,0),('12345123456',13,0),('12345123456',14,0),('12345123456',15,0),('12345123456',16,0),('12345123456',17,0),('12345123456',18,0),('12345123456',19,0),('12345123456',20,0),('12345123456',21,0),('12345123456',22,0),('12345123456',23,0),('12345123456',24,0),('12345123456',25,0),('12345123456',26,0),('12345123456',27,0),('12345123456',28,0),('12345123456',29,0),('12345123456',30,0),('12345123456',31,0),('12345123456',32,0),('12345123456',33,0),('12345123456',34,0),('12345123456',35,0),('12345123456',36,0),('12345123456',37,0),('12345123456',38,0),('12345123456',39,0),('12345123456',40,0),('12345123456',41,0),('12345123456',42,0),('12345123456',43,0),('12345123456',44,0),('12345123456',45,0),('12345123456',46,0),('12345123456',47,0),('12345123456',48,0),('12345123456',49,0),('12345123456',50,0),('12345123456',51,0),('12345123456',52,0),('12345123456',53,0),('12345123456',54,0),('12345123456',55,0),('12345123456',56,0),('12345123456',57,0),('12345123456',58,0),('12345123456',59,0),('12345123456',60,0),('12345123456',61,0),('12345123456',62,0),('12345123456',63,0),('12345123456',64,0),('12345123456',65,0),('12345123456',66,0),('12345123456',67,0),('12345123456',68,0),('12345123456',69,0),('12345123456',70,0),('12345123456',71,0),('12345123456',72,0),('12345123456',73,0),('12345123456',74,0),('12345123456',75,0),('12345123456',76,0),('12345123456',77,0),('12345123456',78,0),('12345123456',79,0),('12345123456',80,0),('12345123456',81,0),('12345123456',82,0),('12345123456',83,0),('12345123456',84,0),('12345123456',85,0),('12345123456',86,0),('12345123456',87,0),('12345123456',88,0),('12345123456',89,0),('12345123456',90,0),('12345123456',91,0),('12345123456',92,0),('12345123456',93,0),('12345123456',94,0),('12345123456',95,0),('12345123456',96,0),('12345123456',97,0),('12345123456',98,0),('12345123456',99,0),('12345123456',100,0),('12345123456',101,0),('12345123456',102,0),('12345123456',103,0),('12345123456',104,0),('12345123456',105,0),('12345123456',106,0),('12345123456',107,0),('12345123456',108,0),('12345123456',109,0),('12345123456',110,0),('12345123456',111,0),('12345123456',112,0),('12345123456',113,0),('12345123456',114,0),('12345123456',115,0),('12345123456',116,0),('12345123456',117,0),('12345123456',118,0),('12345123456',119,0),('12345123456',120,0),('12345123456',121,0),('12345123456',122,0),('12345123456',123,0),('12345123456',124,0),('12345123456',125,0),('12345123456',126,0),('12345123456',127,0),('12345123456',128,0),('12345123456',129,0),('12345123456',130,0),('12345123456',131,0),('12345123456',132,0),('12345123456',133,0),('12345123456',134,0),('12345123456',135,0),('12345123456',136,0),('12345123456',137,0),('12345123456',138,0),('12345123456',139,0),('12345123456',140,0),('12345123456',141,0),('12345123456',142,0),('12345123456',143,0),('12345123456',144,0),('12345123456',145,0),('12345123456',146,0),('12345123456',147,0),('12345123456',148,0),('12345123456',149,0),('12345123456',150,0),('12345123456',151,0),('12345123456',152,0),('12345123456',153,0),('12345123456',154,0),('12345123456',155,0),('12345123456',156,0),('12345123456',157,0),('12345123456',158,0),('12345123456',159,0),('12345123456',160,0),('12345123456',161,0),('12345123456',162,0),('12345123456',163,0),('12345123456',164,0),('12345123456',165,0),('12345123456',166,0),('12345123456',167,0),('12345123456',168,0),('12345123456',169,0),('12345123456',170,0),('12345123456',171,0),('12345123456',172,0),('12345123456',173,0),('12345123456',174,0),('12345123456',175,0),('12345123456',176,0),('12345123456',177,0),('12345123456',178,0),('12345123456',179,0),('12345123456',180,0),('12345123456',181,0),('12345123456',182,0),('12345123456',183,0),('12345123456',184,0),('12345123456',185,0),('12345123456',186,0),('12345123456',187,0),('12345123456',188,0),('12345123456',189,0),('12345123456',190,0),('12345123456',191,0),('12345123456',192,0),('12345123456',193,0),('12345123456',194,0),('12345123456',195,0),('12345123456',196,0),('12345123456',197,0),('12345123456',198,0),('12345123456',199,0),('12345123456',200,0),('12345123456',201,0),('12345123456',202,0),('12345123456',203,0),('12345123456',204,0),('12345123456',205,0),('12345123456',206,0),('12345123456',207,0),('12345123456',208,0),('12345123456',209,0),('12345123456',210,0),('12345123456',211,0),('12345123456',212,0),('12345123456',213,0),('12345123456',214,0),('12345123456',215,0),('12345123456',216,0),('12345123456',217,0),('12345123456',218,0),('12345123456',219,0),('12345123456',220,0),('12345123456',221,0),('12345123456',222,0),('12345123456',223,0),('12345123456',224,0),('12345123456',225,0),('12345123456',226,0),('12345123456',227,0),('12345123456',228,0),('12345123456',229,0),('12345123456',230,0),('12345123456',231,0),('12345123456',232,0),('12345123456',233,0),('12345123456',234,0),('12345123456',235,0),('12345123456',236,0),('12345123456',237,0),('12345123456',238,0),('12345123456',239,0),('12345123456',240,0),('12345123456',241,0),('12345123456',242,0),('12345123456',243,0),('12345123456',244,0),('12345123456',245,0),('12345123456',246,0),('12345123456',247,0),('12345123456',248,0),('12345123456',249,0),('12345123456',250,0),('12345123456',251,0),('12345123456',252,0),('12345123456',253,0),('12345123456',254,0),('12345123456',255,0),('12345123456',256,0),('12345123456',257,0),('12345123456',258,0),('12345123456',259,0),('12345123456',260,0),('12345123456',261,0),('12345123456',262,0),('12345123456',263,0),('12345123456',264,0),('12345123456',265,0),('12345123456',266,0),('12345123456',267,0),('12345123456',268,0),('12345123456',269,0),('12345123456',270,0),('12345123456',271,0),('12345123456',272,0),('12345123456',273,0),('12345123456',274,0),('12345123456',275,0),('12345123456',276,0),('12345123456',277,0),('12345123456',278,0),('12345123456',279,0),('12345123456',280,0),('12345123456',281,0),('12345123456',282,0),('12345123456',283,0),('12345123456',284,0),('12345123456',285,0),('12345123456',286,0),('12345123456',287,0),('12345123456',288,0),('12345123456',289,0),('12345123456',290,0),('12345123456',291,0),('12345123456',292,0),('12345123456',293,0),('12345123456',294,0),('12345123456',295,0),('12345123456',296,0),('12345123456',297,0),('12345123456',298,0),('12345123456',299,0),('12345123456',300,0),('12345123456',301,0),('12345123456',302,0),('12345123456',303,0),('12345123456',304,0),('12345123456',305,0),('12345123456',306,0),('12345123456',307,0),('12345123456',308,0),('12345123456',309,0),('12345123456',310,0),('12345123456',311,0),('12345123456',312,0),('12345123456',313,0),('12345123456',314,0),('12345123456',315,0),('12345123456',316,0),('12345123456',317,0),('12345123456',318,0),('12345123456',319,0),('12345123456',320,0),('12345123456',321,0),('12345123456',322,0),('12345123456',323,0),('12345123456',324,0),('12345123456',325,0),('12345123456',326,0),('12345123456',327,0),('12345123456',328,0),('12345123456',329,0),('12345123456',330,0),('12345123456',331,0),('12345123456',332,0),('12345123456',333,0),('12345123456',334,0),('12345123456',335,0),('12345123456',336,0),('12345123456',337,0),('12345123456',338,0),('12345123456',339,0),('12345123456',340,0),('12345123456',341,0),('12345123456',342,0),('12345123456',343,0),('12345123456',344,0),('12345123456',345,0),('12345123456',346,0),('12345123456',347,0),('12345123456',348,0),('12345123456',349,0),('12345123456',350,0),('12345123456',351,0),('12345123456',352,0),('12345123456',353,0),('12345123456',354,0),('12345123456',355,0),('12345123456',356,0),('12345123456',357,0),('12345123456',358,0),('12345123456',359,0),('12345123456',360,0),('12345123456',361,0),('12345123456',362,0),('12345123456',363,0),('12345123456',364,0),('12345123456',365,0),('12345123456',366,0),('12345123456',367,0),('12345123456',368,0),('12345123456',369,0),('12345123456',370,0),('12345123456',371,0),('12345123456',372,0),('12345123456',373,0),('12345123456',374,0),('12345123456',375,0),('12345123456',376,0),('12345123456',377,0),('12345123456',378,0),('12345123456',379,0),('12345123456',380,0),('12345123456',381,0),('12345123456',382,0),('12345123456',383,0),('12345123456',384,0),('12345123456',385,0),('12345123456',386,0),('12345123456',387,0),('12345123456',388,0),('12345123456',389,0),('12345123456',390,0),('12345123456',391,0),('12345123456',392,0),('12345123456',393,0),('12345123456',394,0),('12345123456',395,0),('12345123456',396,0),('12345123456',397,0),('12345123456',398,0),('12345123456',399,0),('12345123456',400,0),('12345123456',401,0),('12345123456',402,0),('12345123456',403,0),('12345123456',404,0),('12345123456',405,0),('12345123456',406,0),('12345123456',407,0),('12345123456',408,0),('12345123456',409,0),('12345123456',410,0),('12345123456',411,0),('12345123456',412,0),('12345123456',413,0),('12345123456',414,0),('12345123456',415,0),('12345123456',416,0),('12345123456',417,0),('12345123456',418,0),('12345123456',419,0),('12345123456',420,0),('12345123456',421,0),('12345123456',422,0),('12345123456',423,0),('12345123456',424,0),('12345123456',425,0),('12345123456',426,0),('12345123456',427,0),('12345123456',428,0),('12345123456',429,0),('12345123456',430,0),('12345123456',431,0),('12345123456',432,0),('12345123456',433,0),('12345123456',434,0),('12345123456',435,0),('12345123456',436,0),('12345123456',437,0),('12345123456',438,0),('12345123456',439,0),('12345123456',440,0),('12345123456',441,0),('12345123456',442,0),('12345123456',443,0),('12345123456',444,0),('12345123456',445,0),('12345123456',446,0),('12345123456',447,0),('12345123456',448,0),('12345123456',449,0),('12345123456',450,0),('12345123456',451,0),('12345123456',452,0),('12345123456',453,0),('12345123456',454,0),('12345123456',455,0),('12345123456',456,0),('12345123456',457,0),('12345123456',458,0),('12345123456',459,0),('12345123456',460,0),('12345123456',461,0),('12345123456',462,0),('12345123456',463,0),('12345123456',464,0),('12345123456',465,0),('12345123456',466,0),('12345123456',467,0),('12345123456',468,0),('12345123456',469,0),('12345123456',470,0),('12345123456',471,0),('12345123456',472,0),('12345123456',473,0),('12345123456',474,0),('12345123456',475,0),('12345123456',476,0),('12345123456',477,0),('12345123456',478,0),('12345123456',479,0),('12345123456',480,0),('12345123456',481,0),('12345123456',482,0),('12345123456',483,0),('12345123456',484,0),('12345123456',485,0),('12345123456',486,0),('12345123456',487,0),('12345123456',488,0),('12345123456',489,0),('12345123456',490,0),('12345123456',491,0),('12345123456',492,0),('12345123456',493,0),('12345123456',494,0),('12345123456',495,0),('12345123456',496,0),('12345123456',497,0),('12345123456',498,0),('12345123456',499,0),('12345123456',500,0),('12345123456',501,0),('12345123456',502,0),('12345123456',503,0),('12345123456',504,0),('12345123456',505,0),('12345123456',506,0),('12345123456',507,0),('12345123456',508,0),('12345123456',509,0),('12345123456',510,0),('12345123456',511,0),('12345123456',512,0),('12345123456',513,0),('12345123456',514,0),('12345123456',515,0),('12345123456',516,0),('12345123456',517,0),('12345123456',518,0),('12345123456',519,0),('12345123456',520,0),('12345123456',521,0),('12345123456',522,0),('12345123456',523,0),('12345123456',524,0),('12345123456',525,0),('12345123456',526,0),('12345123456',527,0),('12345123456',528,0),('12345123456',529,0),('12345123456',530,0),('12345123456',531,0),('12345123456',532,0),('12345123456',533,0),('12345123456',534,0),('12345123456',535,0),('12345123456',536,0),('12345123456',537,0),('12345123456',538,0),('12345123456',539,0),('12345123456',540,0),('12345123456',541,0),('12345123456',542,0),('12345123456',543,0),('12345123456',544,0),('12345123456',545,0),('12345123456',546,0),('12345123456',547,0),('12345123456',548,0),('12345123456',549,0),('12345123456',550,0),('12345123456',551,0),('12345123456',552,0),('12345123456',553,0),('12345123456',554,0),('12345123456',555,0),('12345123456',556,0),('12345123456',557,0),('12345123456',558,0),('12345123456',559,0),('12345123456',560,0),('12345123456',561,0),('12345123456',562,0),('12345123456',563,0),('12345123456',564,0),('12345123456',565,0),('12345123456',566,0),('12345123456',567,0),('12345123456',568,0),('12345123456',569,0),('12345123456',570,0),('12345123456',571,0),('12345123456',572,0),('12345123456',573,0),('12345123456',574,0),('12345123456',575,0),('12345123456',576,0),('12345123456',577,0),('12345123456',578,0),('12345123456',579,0),('12345123456',580,0),('12345123456',581,0),('12345123456',582,0),('12345123456',583,0),('12345123456',584,0),('12345123456',585,0),('12345123456',586,0),('12345123456',587,0),('12345123456',588,0),('12345123456',589,0),('12345123456',590,0),('12345123456',591,0),('12345123456',592,0),('12345123456',593,0),('12345123456',594,0),('12345123456',595,0),('12345123456',596,0),('12345123456',597,0),('12345123456',598,0),('12345123456',599,0),('12345123456',600,0),('12345123456',601,0),('12345123456',602,0),('12345123456',603,0),('12345123456',604,0),('12345123456',605,0),('12345123456',606,0),('12345123456',607,0),('12345123456',608,0),('12345123456',609,0),('12345123456',610,0),('12345123456',611,0),('12345123456',612,0),('12345123456',613,0),('12345123456',614,0),('12345123456',615,0),('12345123456',616,0),('12345123456',617,0),('12345123456',618,0),('12345123456',619,0),('12345123456',620,0),('12345123456',621,0),('12345123456',622,0),('12345123456',623,0),('12345123456',624,0),('12345123456',625,0),('12345123456',626,0),('12345123456',627,0),('12345123456',628,0),('12345123456',629,0),('12345123456',630,0),('12345123456',631,0),('12345123456',632,0),('12345123456',633,0),('12345123456',634,0),('12345123456',635,0),('12345123456',636,0),('12345123456',637,0),('12345123456',638,0),('12345123456',639,0),('12345123456',640,0),('12345123456',641,0),('12345123456',642,0),('12345123456',643,0),('12345123456',644,0),('12345123456',645,0),('12345123456',646,0),('12345123456',647,0),('12345123456',648,0),('12345123456',649,0),('12345123456',650,0),('12345123456',651,0),('12345123456',652,0),('12345123456',653,0),('12345123456',654,0),('12345123456',655,0),('12345123456',656,0),('12345123456',657,0),('12345123456',658,0),('12345123456',659,0),('12345123456',660,0),('12345123456',661,0),('12345123456',662,0),('12345123456',663,0),('12345123456',664,0),('12345123456',665,0),('12345123456',666,0),('12345123456',667,0),('12345123456',668,0),('12345123456',669,0),('12345123456',670,0),('12345123456',671,0),('12345123456',672,0),('12345123456',673,0),('12345123456',674,0),('12345123456',675,0),('12345123456',676,0),('12345123456',677,0),('12345123456',678,0),('12345123456',679,0),('12345123456',680,0),('12345123456',681,0),('12345612345',0,0),('12345612345',1,0),('12345612345',2,0),('12345612345',3,0),('12345612345',4,0),('12345612345',5,0),('12345612345',6,0),('12345612345',7,0),('12345612345',8,0),('12345612345',9,0),('12345612345',10,0),('12345612345',11,0),('12345612345',12,0),('12345612345',13,0),('12345612345',14,0),('12345612345',15,0),('12345612345',16,0),('12345612345',17,0),('12345612345',18,0),('12345612345',19,0),('12345612345',20,0),('12345612345',21,0),('12345612345',22,0),('12345612345',23,0),('12345612345',24,0),('12345612345',25,0),('12345612345',26,0),('12345612345',27,0),('12345612345',28,0),('12345612345',29,0),('12345612345',30,0),('12345612345',31,0),('12345612345',32,0),('12345612345',33,0),('12345612345',34,0),('12345612345',35,0),('12345612345',36,0),('12345612345',37,0),('12345612345',38,0),('12345612345',39,0),('12345612345',40,0),('12345612345',41,0),('12345612345',42,0),('12345612345',43,0),('12345612345',44,0),('12345612345',45,0),('12345612345',46,0),('12345612345',47,0),('12345612345',48,0),('12345612345',49,0),('12345612345',50,0),('12345612345',51,0),('12345612345',52,0),('12345612345',53,0),('12345612345',54,0),('12345612345',55,0),('12345612345',56,0),('12345612345',57,0),('12345612345',58,0),('12345612345',59,0),('12345612345',60,0),('12345612345',61,0),('12345612345',62,0),('12345612345',63,0),('12345612345',64,0),('12345612345',65,0),('12345612345',66,0),('12345612345',67,0),('12345612345',68,0),('12345612345',69,0),('12345612345',70,0),('12345612345',71,0),('12345612345',72,0),('12345612345',73,0),('12345612345',74,0),('12345612345',75,0),('12345612345',76,0),('12345612345',77,0),('12345612345',78,0),('12345612345',79,0),('12345612345',80,0),('12345612345',81,0),('12345612345',82,0),('12345612345',83,0),('12345612345',84,0),('12345612345',85,0),('12345612345',86,0),('12345612345',87,0),('12345612345',88,0),('12345612345',89,0),('12345612345',90,0),('12345612345',91,0),('12345612345',92,0),('12345612345',93,0),('12345612345',94,0),('12345612345',95,0),('12345612345',96,0),('12345612345',97,0),('12345612345',98,0),('12345612345',99,0),('12345612345',100,0),('12345612345',101,0),('12345612345',102,0),('12345612345',103,0),('12345612345',104,0),('12345612345',105,0),('12345612345',106,0),('12345612345',107,0),('12345612345',108,0),('12345612345',109,0),('12345612345',110,0),('12345612345',111,0),('12345612345',112,0),('12345612345',113,0),('12345612345',114,0),('12345612345',115,0),('12345612345',116,0),('12345612345',117,0),('12345612345',118,0),('12345612345',119,0),('12345612345',120,0),('12345612345',121,0),('12345612345',122,0),('12345612345',123,0),('12345612345',124,0),('12345612345',125,0),('12345612345',126,0),('12345612345',127,0),('12345612345',128,0),('12345612345',129,0),('12345612345',130,0),('12345612345',131,0),('12345612345',132,0),('12345612345',133,0),('12345612345',134,0),('12345612345',135,0),('12345612345',136,0),('12345612345',137,0),('12345612345',138,0),('12345612345',139,0),('12345612345',140,0),('12345612345',141,0),('12345612345',142,0),('12345612345',143,0),('12345612345',144,0),('12345612345',145,0),('12345612345',146,0),('12345612345',147,0),('12345612345',148,0),('12345612345',149,0),('12345612345',150,0),('12345612345',151,0),('12345612345',152,0),('12345612345',153,0),('12345612345',154,0),('12345612345',155,0),('12345612345',156,0),('12345612345',157,0),('12345612345',158,0),('12345612345',159,0),('12345612345',160,0),('12345612345',161,0),('12345612345',162,0),('12345612345',163,0),('12345612345',164,0),('12345612345',165,0),('12345612345',166,0),('12345612345',167,0),('12345612345',168,0),('12345612345',169,0),('12345612345',170,0),('12345612345',171,0),('12345612345',172,0),('12345612345',173,0),('12345612345',174,0),('12345612345',175,0),('12345612345',176,0),('12345612345',177,0),('12345612345',178,0),('12345612345',179,0),('12345612345',180,0),('12345612345',181,0),('12345612345',182,0),('12345612345',183,0),('12345612345',184,0),('12345612345',185,0),('12345612345',186,0),('12345612345',187,0),('12345612345',188,0),('12345612345',189,0),('12345612345',190,0),('12345612345',191,0),('12345612345',192,0),('12345612345',193,0),('12345612345',194,0),('12345612345',195,0),('12345612345',196,0),('12345612345',197,0),('12345612345',198,0),('12345612345',199,0),('12345612345',200,0),('12345612345',201,0),('12345612345',202,0),('12345612345',203,0),('12345612345',204,0),('12345612345',205,0),('12345612345',206,0),('12345612345',207,0),('12345612345',208,0),('12345612345',209,0),('12345612345',210,0),('12345612345',211,0),('12345612345',212,0),('12345612345',213,0),('12345612345',214,0),('12345612345',215,0),('12345612345',216,0),('12345612345',217,0),('12345612345',218,0),('12345612345',219,0),('12345612345',220,0),('12345612345',221,0),('12345612345',222,0),('12345612345',223,0),('12345612345',224,0),('12345612345',225,0),('12345612345',226,0),('12345612345',227,0),('12345612345',228,0),('12345612345',229,0),('12345612345',230,0),('12345612345',231,0),('12345612345',232,0),('12345612345',233,0),('12345612345',234,0),('12345612345',235,0),('12345612345',236,0),('12345612345',237,0),('12345612345',238,0),('12345612345',239,0),('12345612345',240,0),('12345612345',241,0),('12345612345',242,0),('12345612345',243,0),('12345612345',244,0),('12345612345',245,0),('12345612345',246,0),('12345612345',247,0),('12345612345',248,0),('12345612345',249,0),('12345612345',250,0),('12345612345',251,0),('12345612345',252,0),('12345612345',253,0),('12345612345',254,0),('12345612345',255,0),('12345612345',256,0),('12345612345',257,0),('12345612345',258,0),('12345612345',259,0),('12345612345',260,0),('12345612345',261,0),('12345612345',262,0),('12345612345',263,0),('12345612345',264,0),('12345612345',265,0),('12345612345',266,0),('12345612345',267,0),('12345612345',268,0),('12345612345',269,0),('12345612345',270,0),('12345612345',271,0),('12345612345',272,0),('12345612345',273,0),('12345612345',274,0),('12345612345',275,0),('12345612345',276,0),('12345612345',277,0),('12345612345',278,0),('12345612345',279,0),('12345612345',280,0),('12345612345',281,0),('12345612345',282,0),('12345612345',283,0),('12345612345',284,0),('12345612345',285,0),('12345612345',286,0),('12345612345',287,0),('12345612345',288,0),('12345612345',289,0),('12345612345',290,0),('12345612345',291,0),('12345612345',292,0),('12345612345',293,0),('12345612345',294,0),('12345612345',295,0),('12345612345',296,0),('12345612345',297,0),('12345612345',298,0),('12345612345',299,0),('12345612345',300,0),('12345612345',301,0),('12345612345',302,0),('12345612345',303,0),('12345612345',304,0),('12345612345',305,0),('12345612345',306,0),('12345612345',307,0),('12345612345',308,0),('12345612345',309,0),('12345612345',310,0),('12345612345',311,0),('12345612345',312,0),('12345612345',313,0),('12345612345',314,0),('12345612345',315,0),('12345612345',316,0),('12345612345',317,0),('12345612345',318,0),('12345612345',319,0),('12345612345',320,0),('12345612345',321,0),('12345612345',322,0),('12345612345',323,0),('12345612345',324,0),('12345612345',325,0),('12345612345',326,0),('12345612345',327,0),('12345612345',328,0),('12345612345',329,0),('12345612345',330,0),('12345612345',331,0),('12345612345',332,0),('12345612345',333,0),('12345612345',334,0),('12345612345',335,0),('12345612345',336,0),('12345612345',337,0),('12345612345',338,0),('12345612345',339,0),('12345612345',340,0),('12345612345',341,0),('12345612345',342,0),('12345612345',343,0),('12345612345',344,0),('12345612345',345,0),('12345612345',346,0),('12345612345',347,0),('12345612345',348,0),('12345612345',349,0),('12345612345',350,0),('12345612345',351,0),('12345612345',352,0),('12345612345',353,0),('12345612345',354,0),('12345612345',355,0),('12345612345',356,0),('12345612345',357,0),('12345612345',358,0),('12345612345',359,0),('12345612345',360,0),('12345612345',361,0),('12345612345',362,0),('12345612345',363,0),('12345612345',364,0),('12345612345',365,0),('12345612345',366,0),('12345612345',367,0),('12345612345',368,0),('12345612345',369,0),('12345612345',370,0),('12345612345',371,0),('12345612345',372,0),('12345612345',373,0),('12345612345',374,0),('12345612345',375,0),('12345612345',376,0),('12345612345',377,0),('12345612345',378,0),('12345612345',379,0),('12345612345',380,0),('12345612345',381,0),('12345612345',382,0),('12345612345',383,0),('12345612345',384,0),('12345612345',385,0),('12345612345',386,0),('12345612345',387,0),('12345612345',388,0),('12345612345',389,0),('12345612345',390,0),('12345612345',391,0),('12345612345',392,0),('12345612345',393,0),('12345612345',394,0),('12345612345',395,0),('12345612345',396,0),('12345612345',397,0),('12345612345',398,0),('12345612345',399,0),('12345612345',400,0),('12345612345',401,0),('12345612345',402,0),('12345612345',403,0),('12345612345',404,0),('12345612345',405,0),('12345612345',406,0),('12345612345',407,0),('12345612345',408,0),('12345612345',409,0),('12345612345',410,0),('12345612345',411,0),('12345612345',412,0),('12345612345',413,0),('12345612345',414,0),('12345612345',415,0),('12345612345',416,0),('12345612345',417,0),('12345612345',418,0),('12345612345',419,0),('12345612345',420,0),('12345612345',421,0),('12345612345',422,0),('12345612345',423,0),('12345612345',424,0),('12345612345',425,0),('12345612345',426,0),('12345612345',427,0),('12345612345',428,0),('12345612345',429,0),('12345612345',430,0),('12345612345',431,0),('12345612345',432,0),('12345612345',433,0),('12345612345',434,0),('12345612345',435,0),('12345612345',436,0),('12345612345',437,0),('12345612345',438,0),('12345612345',439,0),('12345612345',440,0),('12345612345',441,0),('12345612345',442,0),('12345612345',443,0),('12345612345',444,0),('12345612345',445,0),('12345612345',446,0),('12345612345',447,0),('12345612345',448,0),('12345612345',449,0),('12345612345',450,0),('12345612345',451,0),('12345612345',452,0),('12345612345',453,0),('12345612345',454,0),('12345612345',455,0),('12345612345',456,0),('12345612345',457,0),('12345612345',458,0),('12345612345',459,0),('12345612345',460,0),('12345612345',461,0),('12345612345',462,0),('12345612345',463,0),('12345612345',464,0),('12345612345',465,0),('12345612345',466,0),('12345612345',467,0),('12345612345',468,0),('12345612345',469,0),('12345612345',470,0),('12345612345',471,0),('12345612345',472,0),('12345612345',473,0),('12345612345',474,0),('12345612345',475,0),('12345612345',476,0),('12345612345',477,0),('12345612345',478,0),('12345612345',479,0),('12345612345',480,0),('12345612345',481,0),('12345612345',482,0),('12345612345',483,0),('12345612345',484,0),('12345612345',485,0),('12345612345',486,0),('12345612345',487,0),('12345612345',488,0),('12345612345',489,0),('12345612345',490,0),('12345612345',491,0),('12345612345',492,0),('12345612345',493,0),('12345612345',494,0),('12345612345',495,0),('12345612345',496,0),('12345612345',497,0),('12345612345',498,0),('12345612345',499,0),('12345612345',500,0),('12345612345',501,0),('12345612345',502,0),('12345612345',503,0),('12345612345',504,0),('12345612345',505,0),('12345612345',506,0),('12345612345',507,0),('12345612345',508,0),('12345612345',509,0),('12345612345',510,0),('12345612345',511,0),('12345612345',512,0),('12345612345',513,0),('12345612345',514,0),('12345612345',515,0),('12345612345',516,0),('12345612345',517,0),('12345612345',518,0),('12345612345',519,0),('12345612345',520,0),('12345612345',521,0),('12345612345',522,0),('12345612345',523,0),('12345612345',524,0),('12345612345',525,0),('12345612345',526,0),('12345612345',527,0),('12345612345',528,0),('12345612345',529,0),('12345612345',530,0),('12345612345',531,0),('12345612345',532,0),('12345612345',533,0),('12345612345',534,0),('12345612345',535,0),('12345612345',536,0),('12345612345',537,0),('12345612345',538,0),('12345612345',539,0),('12345612345',540,0),('12345612345',541,0),('12345612345',542,0),('12345612345',543,0),('12345612345',544,0),('12345612345',545,0),('12345612345',546,0),('12345612345',547,0),('12345612345',548,0),('12345612345',549,0),('12345612345',550,0),('12345612345',551,0),('12345612345',552,0),('12345612345',553,0),('12345612345',554,0),('12345612345',555,0),('12345612345',556,0),('12345612345',557,0),('12345612345',558,0),('12345612345',559,0),('12345612345',560,0),('12345612345',561,0),('12345612345',562,0),('12345612345',563,0),('12345612345',564,0),('12345612345',565,0),('12345612345',566,0),('12345612345',567,0),('12345612345',568,0),('12345612345',569,0),('12345612345',570,0),('12345612345',571,0),('12345612345',572,0),('12345612345',573,0),('12345612345',574,0),('12345612345',575,0),('12345612345',576,0),('12345612345',577,0),('12345612345',578,0),('12345612345',579,0),('12345612345',580,0),('12345612345',581,0),('12345612345',582,0),('12345612345',583,0),('12345612345',584,0),('12345612345',585,0),('12345612345',586,0),('12345612345',587,0),('12345612345',588,0),('12345612345',589,0),('12345612345',590,0),('12345612345',591,0),('12345612345',592,0),('12345612345',593,0),('12345612345',594,0),('12345612345',595,0),('12345612345',596,0),('12345612345',597,0),('12345612345',598,0),('12345612345',599,0),('12345612345',600,0),('12345612345',601,0),('12345612345',602,0),('12345612345',603,0),('12345612345',604,0),('12345612345',605,0),('12345612345',606,0),('12345612345',607,0),('12345612345',608,0),('12345612345',609,0),('12345612345',610,0),('12345612345',611,0),('12345612345',612,0),('12345612345',613,0),('12345612345',614,0),('12345612345',615,0),('12345612345',616,0),('12345612345',617,0),('12345612345',618,0),('12345612345',619,0),('12345612345',620,0),('12345612345',621,0),('12345612345',622,0),('12345612345',623,0),('12345612345',624,0),('12345612345',625,0),('12345612345',626,0),('12345612345',627,0),('12345612345',628,0),('12345612345',629,0),('12345612345',630,0),('12345612345',631,0),('12345612345',632,0),('12345612345',633,0),('12345612345',634,0),('12345612345',635,0),('12345612345',636,0),('12345612345',637,0),('12345612345',638,0),('12345612345',639,0),('12345612345',640,0),('12345612345',641,0),('12345612345',642,0),('12345612345',643,0),('12345612345',644,0),('12345612345',645,0),('12345612345',646,0),('12345612345',647,0),('12345612345',648,0),('12345612345',649,0),('12345612345',650,0),('12345612345',651,0),('12345612345',652,0),('12345612345',653,0),('12345612345',654,0),('12345612345',655,0),('12345612345',656,0),('12345612345',657,0),('12345612345',658,0),('12345612345',659,0),('12345612345',660,0),('12345612345',661,0),('12345612345',662,0),('12345612345',663,0),('12345612345',664,0),('12345612345',665,0),('12345612345',666,0),('12345612345',667,0),('12345612345',668,0),('12345612345',669,0),('12345612345',670,0),('12345612345',671,0),('12345612345',672,0),('12345612345',673,0),('12345612345',674,0),('12345612345',675,0),('12345612345',676,0),('12345612345',677,0),('12345612345',678,0),('12345612345',679,0),('12345612345',680,0),('12345612345',681,0),('12356458978',0,0),('12356458978',1,0),('12356458978',2,0),('12356458978',3,0),('12356458978',4,0),('12356458978',5,0),('12356458978',6,0),('12356458978',7,0),('12356458978',8,0),('12356458978',9,0),('12356458978',10,0),('12356458978',11,0),('12356458978',12,0),('12356458978',13,0),('12356458978',14,0),('12356458978',15,0),('12356458978',16,0),('12356458978',17,0),('12356458978',18,0),('12356458978',19,0),('12356458978',20,0),('12356458978',21,0),('12356458978',22,0),('12356458978',23,0),('12356458978',24,0),('12356458978',25,0),('12356458978',26,0),('12356458978',27,0),('12356458978',28,0),('12356458978',29,0),('12356458978',30,0),('12356458978',31,0),('12356458978',32,0),('12356458978',33,0),('12356458978',34,0),('12356458978',35,0),('12356458978',36,0),('12356458978',37,0),('12356458978',38,0),('12356458978',39,0),('12356458978',40,0),('12356458978',41,0),('12356458978',42,0),('12356458978',43,0),('12356458978',44,0),('12356458978',45,0),('12356458978',46,0),('12356458978',47,0),('12356458978',48,0),('12356458978',49,0),('12356458978',50,0),('12356458978',51,0),('12356458978',52,0),('12356458978',53,0),('12356458978',54,0),('12356458978',55,0),('12356458978',56,0),('12356458978',57,0),('12356458978',58,0),('12356458978',59,0),('12356458978',60,0),('12356458978',61,0),('12356458978',62,0),('12356458978',63,0),('12356458978',64,0),('12356458978',65,0),('12356458978',66,0),('12356458978',67,0),('12356458978',68,0),('12356458978',69,0),('12356458978',70,0),('12356458978',71,0),('12356458978',72,0),('12356458978',73,0),('12356458978',74,0),('12356458978',75,0),('12356458978',76,0),('12356458978',77,0),('12356458978',78,0),('12356458978',79,0),('12356458978',80,0),('12356458978',81,0),('12356458978',82,0),('12356458978',83,0),('12356458978',84,0),('12356458978',85,0),('12356458978',86,0),('12356458978',87,0),('12356458978',88,0),('12356458978',89,0),('12356458978',90,0),('12356458978',91,0),('12356458978',92,0),('12356458978',93,0),('12356458978',94,0),('12356458978',95,0),('12356458978',96,0),('12356458978',97,0),('12356458978',98,0),('12356458978',99,0),('12356458978',100,0),('12356458978',101,0),('12356458978',102,0),('12356458978',103,0),('12356458978',104,0),('12356458978',105,0),('12356458978',106,0),('12356458978',107,0),('12356458978',108,0),('12356458978',109,0),('12356458978',110,0),('12356458978',111,0),('12356458978',112,0),('12356458978',113,0),('12356458978',114,0),('12356458978',115,0),('12356458978',116,0),('12356458978',117,0),('12356458978',118,0),('12356458978',119,0),('12356458978',120,0),('12356458978',121,0),('12356458978',122,0),('12356458978',123,0),('12356458978',124,0),('12356458978',125,0),('12356458978',126,0),('12356458978',127,0),('12356458978',128,0),('12356458978',129,0),('12356458978',130,0),('12356458978',131,0),('12356458978',132,0),('12356458978',133,0),('12356458978',134,0),('12356458978',135,0),('12356458978',136,0),('12356458978',137,0),('12356458978',138,0),('12356458978',139,0),('12356458978',140,0),('12356458978',141,0),('12356458978',142,0),('12356458978',143,0),('12356458978',144,0),('12356458978',145,0),('12356458978',146,0),('12356458978',147,0),('12356458978',148,0),('12356458978',149,0),('12356458978',150,0),('12356458978',151,0),('12356458978',152,0),('12356458978',153,0),('12356458978',154,0),('12356458978',155,0),('12356458978',156,0),('12356458978',157,0),('12356458978',158,0),('12356458978',159,0),('12356458978',160,0),('12356458978',161,0),('12356458978',162,0),('12356458978',163,0),('12356458978',164,0),('12356458978',165,0),('12356458978',166,0),('12356458978',167,0),('12356458978',168,0),('12356458978',169,0),('12356458978',170,0),('12356458978',171,0),('12356458978',172,0),('12356458978',173,0),('12356458978',174,0),('12356458978',175,0),('12356458978',176,0),('12356458978',177,0),('12356458978',178,0),('12356458978',179,0),('12356458978',180,0),('12356458978',181,0),('12356458978',182,0),('12356458978',183,0),('12356458978',184,0),('12356458978',185,0),('12356458978',186,0),('12356458978',187,0),('12356458978',188,0),('12356458978',189,0),('12356458978',190,0),('12356458978',191,0),('12356458978',192,0),('12356458978',193,0),('12356458978',194,0),('12356458978',195,0),('12356458978',196,0),('12356458978',197,0),('12356458978',198,0),('12356458978',199,0),('12356458978',200,0),('12356458978',201,0),('12356458978',202,0),('12356458978',203,0),('12356458978',204,0),('12356458978',205,0),('12356458978',206,0),('12356458978',207,0),('12356458978',208,0),('12356458978',209,0),('12356458978',210,0),('12356458978',211,0),('12356458978',212,0),('12356458978',213,0),('12356458978',214,0),('12356458978',215,0),('12356458978',216,0),('12356458978',217,0),('12356458978',218,0),('12356458978',219,0),('12356458978',220,0),('12356458978',221,0),('12356458978',222,0),('12356458978',223,0),('12356458978',224,0),('12356458978',225,0),('12356458978',226,0),('12356458978',227,0),('12356458978',228,0),('12356458978',229,0),('12356458978',230,0),('12356458978',231,0),('12356458978',232,0),('12356458978',233,0),('12356458978',234,0),('12356458978',235,0),('12356458978',236,0),('12356458978',237,0),('12356458978',238,0),('12356458978',239,0),('12356458978',240,0),('12356458978',241,0),('12356458978',242,0),('12356458978',243,0),('12356458978',244,0),('12356458978',245,0),('12356458978',246,0),('12356458978',247,0),('12356458978',248,0),('12356458978',249,0),('12356458978',250,0),('12356458978',251,0),('12356458978',252,0),('12356458978',253,0),('12356458978',254,0),('12356458978',255,0),('12356458978',256,0),('12356458978',257,0),('12356458978',258,0),('12356458978',259,0),('12356458978',260,0),('12356458978',261,0),('12356458978',262,0),('12356458978',263,0),('12356458978',264,0),('12356458978',265,0),('12356458978',266,0),('12356458978',267,0),('12356458978',268,0),('12356458978',269,0),('12356458978',270,0),('12356458978',271,0),('12356458978',272,0),('12356458978',273,0),('12356458978',274,0),('12356458978',275,0),('12356458978',276,0),('12356458978',277,0),('12356458978',278,0),('12356458978',279,0),('12356458978',280,0),('12356458978',281,0),('12356458978',282,0),('12356458978',283,0),('12356458978',284,0),('12356458978',285,0),('12356458978',286,0),('12356458978',287,0),('12356458978',288,0),('12356458978',289,0),('12356458978',290,0),('12356458978',291,0),('12356458978',292,0),('12356458978',293,0),('12356458978',294,0),('12356458978',295,0),('12356458978',296,0),('12356458978',297,0),('12356458978',298,0),('12356458978',299,0),('12356458978',300,0),('12356458978',301,0),('12356458978',302,0),('12356458978',303,0),('12356458978',304,0),('12356458978',305,0),('12356458978',306,0),('12356458978',307,0),('12356458978',308,0),('12356458978',309,0),('12356458978',310,0),('12356458978',311,0),('12356458978',312,0),('12356458978',313,0),('12356458978',314,0),('12356458978',315,0),('12356458978',316,0),('12356458978',317,0),('12356458978',318,0),('12356458978',319,0),('12356458978',320,0),('12356458978',321,0),('12356458978',322,0),('12356458978',323,0),('12356458978',324,0),('12356458978',325,0),('12356458978',326,0),('12356458978',327,0),('12356458978',328,0),('12356458978',329,0),('12356458978',330,0),('12356458978',331,0),('12356458978',332,0),('12356458978',333,0),('12356458978',334,0),('12356458978',335,0),('12356458978',336,0),('12356458978',337,0),('12356458978',338,0),('12356458978',339,0),('12356458978',340,0),('12356458978',341,0),('12356458978',342,0),('12356458978',343,0),('12356458978',344,0),('12356458978',345,0),('12356458978',346,0),('12356458978',347,0),('12356458978',348,0),('12356458978',349,0),('12356458978',350,0),('12356458978',351,0),('12356458978',352,0),('12356458978',353,0),('12356458978',354,0),('12356458978',355,0),('12356458978',356,0),('12356458978',357,0),('12356458978',358,0),('12356458978',359,0),('12356458978',360,0),('12356458978',361,0),('12356458978',362,0),('12356458978',363,0),('12356458978',364,0),('12356458978',365,0),('12356458978',366,0),('12356458978',367,0),('12356458978',368,0),('12356458978',369,0),('12356458978',370,0),('12356458978',371,0),('12356458978',372,0),('12356458978',373,0),('12356458978',374,0),('12356458978',375,0),('12356458978',376,0),('12356458978',377,0),('12356458978',378,0),('12356458978',379,0),('12356458978',380,0),('12356458978',381,0),('12356458978',382,0),('12356458978',383,0),('12356458978',384,0),('12356458978',385,0),('12356458978',386,0),('12356458978',387,0),('12356458978',388,0),('12356458978',389,0),('12356458978',390,0),('12356458978',391,0),('12356458978',392,0),('12356458978',393,0),('12356458978',394,0),('12356458978',395,0),('12356458978',396,0),('12356458978',397,0),('12356458978',398,0),('12356458978',399,0),('12356458978',400,0),('12356458978',401,0),('12356458978',402,0),('12356458978',403,0),('12356458978',404,0),('12356458978',405,0),('12356458978',406,0),('12356458978',407,0),('12356458978',408,0),('12356458978',409,0),('12356458978',410,0),('12356458978',411,0),('12356458978',412,0),('12356458978',413,0),('12356458978',414,0),('12356458978',415,0),('12356458978',416,0),('12356458978',417,0),('12356458978',418,0),('12356458978',419,0),('12356458978',420,0),('12356458978',421,0),('12356458978',422,0),('12356458978',423,0),('12356458978',424,0),('12356458978',425,0),('12356458978',426,0),('12356458978',427,0),('12356458978',428,0),('12356458978',429,0),('12356458978',430,0),('12356458978',431,0),('12356458978',432,0),('12356458978',433,0),('12356458978',434,0),('12356458978',435,0),('12356458978',436,0),('12356458978',437,0),('12356458978',438,0),('12356458978',439,0),('12356458978',440,0),('12356458978',441,0),('12356458978',442,0),('12356458978',443,0),('12356458978',444,0),('12356458978',445,0),('12356458978',446,0),('12356458978',447,0),('12356458978',448,0),('12356458978',449,0),('12356458978',450,0),('12356458978',451,0),('12356458978',452,0),('12356458978',453,0),('12356458978',454,0),('12356458978',455,0),('12356458978',456,0),('12356458978',457,0),('12356458978',458,0),('12356458978',459,0),('12356458978',460,0),('12356458978',461,0),('12356458978',462,0),('12356458978',463,0),('12356458978',464,0),('12356458978',465,0),('12356458978',466,0),('12356458978',467,0),('12356458978',468,0),('12356458978',469,0),('12356458978',470,0),('12356458978',471,0),('12356458978',472,0),('12356458978',473,0),('12356458978',474,0),('12356458978',475,0),('12356458978',476,0),('12356458978',477,0),('12356458978',478,0),('12356458978',479,0),('12356458978',480,0),('12356458978',481,0),('12356458978',482,0),('12356458978',483,0),('12356458978',484,0),('12356458978',485,0),('12356458978',486,0),('12356458978',487,0),('12356458978',488,0),('12356458978',489,0),('12356458978',490,0),('12356458978',491,0),('12356458978',492,0),('12356458978',493,0),('12356458978',494,0),('12356458978',495,0),('12356458978',496,0),('12356458978',497,0),('12356458978',498,0),('12356458978',499,0),('12356458978',500,0),('12356458978',501,0),('12356458978',502,0),('12356458978',503,0),('12356458978',504,0),('12356458978',505,0),('12356458978',506,0),('12356458978',507,0),('12356458978',508,0),('12356458978',509,0),('12356458978',510,0),('12356458978',511,0),('12356458978',512,0),('12356458978',513,0),('12356458978',514,0),('12356458978',515,0),('12356458978',516,0),('12356458978',517,0),('12356458978',518,0),('12356458978',519,0),('12356458978',520,0),('12356458978',521,0),('12356458978',522,0),('12356458978',523,0),('12356458978',524,0),('12356458978',525,0),('12356458978',526,0),('12356458978',527,0),('12356458978',528,0),('12356458978',529,0),('12356458978',530,0),('12356458978',531,0),('12356458978',532,0),('12356458978',533,0),('12356458978',534,0),('12356458978',535,0),('12356458978',536,0),('12356458978',537,0),('12356458978',538,0),('12356458978',539,0),('12356458978',540,0),('12356458978',541,0),('12356458978',542,0),('12356458978',543,0),('12356458978',544,0),('12356458978',545,0),('12356458978',546,0),('12356458978',547,0),('12356458978',548,0),('12356458978',549,0),('12356458978',550,0),('12356458978',551,0),('12356458978',552,0),('12356458978',553,0),('12356458978',554,0),('12356458978',555,0),('12356458978',556,0),('12356458978',557,0),('12356458978',558,0),('12356458978',559,0),('12356458978',560,0),('12356458978',561,0),('12356458978',562,0),('12356458978',563,0),('12356458978',564,0),('12356458978',565,0),('12356458978',566,0),('12356458978',567,0),('12356458978',568,0),('12356458978',569,0),('12356458978',570,0),('12356458978',571,0),('12356458978',572,0),('12356458978',573,0),('12356458978',574,0),('12356458978',575,0),('12356458978',576,0),('12356458978',577,0),('12356458978',578,0),('12356458978',579,0),('12356458978',580,0),('12356458978',581,0),('12356458978',582,0),('12356458978',583,0),('12356458978',584,0),('12356458978',585,0),('12356458978',586,0),('12356458978',587,0),('12356458978',588,0),('12356458978',589,0),('12356458978',590,0),('12356458978',591,0),('12356458978',592,0),('12356458978',593,0),('12356458978',594,0),('12356458978',595,0),('12356458978',596,0),('12356458978',597,0),('12356458978',598,0),('12356458978',599,0),('12356458978',600,0),('12356458978',601,0),('12356458978',602,0),('12356458978',603,0),('12356458978',604,0),('12356458978',605,0),('12356458978',606,0),('12356458978',607,0),('12356458978',608,0),('12356458978',609,0),('12356458978',610,0),('12356458978',611,0),('12356458978',612,0),('12356458978',613,0),('12356458978',614,0),('12356458978',615,0),('12356458978',616,0),('12356458978',617,0),('12356458978',618,0),('12356458978',619,0),('12356458978',620,0),('12356458978',621,0),('12356458978',622,0),('12356458978',623,0),('12356458978',624,0),('12356458978',625,0),('12356458978',626,0),('12356458978',627,0),('12356458978',628,0),('12356458978',629,0),('12356458978',630,0),('12356458978',631,0),('12356458978',632,0),('12356458978',633,0),('12356458978',634,0),('12356458978',635,0),('12356458978',636,0),('12356458978',637,0),('12356458978',638,0),('12356458978',639,0),('12356458978',640,0),('12356458978',641,0),('12356458978',642,0),('12356458978',643,0),('12356458978',644,0),('12356458978',645,0),('12356458978',646,0),('12356458978',647,0),('12356458978',648,0),('12356458978',649,0),('12356458978',650,0),('12356458978',651,0),('12356458978',652,0),('12356458978',653,0),('12356458978',654,0),('12356458978',655,0),('12356458978',656,0),('12356458978',657,0),('12356458978',658,0),('12356458978',659,0),('12356458978',660,0),('12356458978',661,0),('12356458978',662,0),('12356458978',663,0),('12356458978',664,0),('12356458978',665,0),('12356458978',666,0),('12356458978',667,0),('12356458978',668,0),('12356458978',669,0),('12356458978',670,0),('12356458978',671,0),('12356458978',672,0),('12356458978',673,0),('12356458978',674,0),('12356458978',675,0),('12356458978',676,0),('12356458978',677,0),('12356458978',678,0),('12356458978',679,0),('12356458978',680,0),('12356458978',681,0),('65544332211',0,0),('65544332211',1,0),('65544332211',2,0),('65544332211',3,0),('65544332211',4,0),('65544332211',5,0),('65544332211',6,0),('65544332211',7,0),('65544332211',8,0),('65544332211',9,0),('65544332211',10,0),('65544332211',11,0),('65544332211',12,0),('65544332211',13,0),('65544332211',14,0),('65544332211',15,0),('65544332211',16,0),('65544332211',17,0),('65544332211',18,0),('65544332211',19,0),('65544332211',20,0),('65544332211',21,0),('65544332211',22,0),('65544332211',23,0),('65544332211',24,0),('65544332211',25,0),('65544332211',26,0),('65544332211',27,0),('65544332211',28,0),('65544332211',29,0),('65544332211',30,0),('65544332211',31,0),('65544332211',32,0),('65544332211',33,0),('65544332211',34,0),('65544332211',35,0),('65544332211',36,0),('65544332211',37,0),('65544332211',38,0),('65544332211',39,0),('65544332211',40,0),('65544332211',41,0),('65544332211',42,0),('65544332211',43,0),('65544332211',44,0),('65544332211',45,0),('65544332211',46,0),('65544332211',47,0),('65544332211',48,0),('65544332211',49,0),('65544332211',50,0),('65544332211',51,0),('65544332211',52,0),('65544332211',53,0),('65544332211',54,0),('65544332211',55,0),('65544332211',56,0),('65544332211',57,0),('65544332211',58,0),('65544332211',59,0),('65544332211',60,0),('65544332211',61,0),('65544332211',62,0),('65544332211',63,0),('65544332211',64,0),('65544332211',65,0),('65544332211',66,0),('65544332211',67,0),('65544332211',68,0),('65544332211',69,0),('65544332211',70,0),('65544332211',71,0),('65544332211',72,0),('65544332211',73,0),('65544332211',74,0),('65544332211',75,0),('65544332211',76,0),('65544332211',77,0),('65544332211',78,0),('65544332211',79,0),('65544332211',80,0),('65544332211',81,0),('65544332211',82,0),('65544332211',83,0),('65544332211',84,0),('65544332211',85,0),('65544332211',86,0),('65544332211',87,0),('65544332211',88,0),('65544332211',89,0),('65544332211',90,0),('65544332211',91,0),('65544332211',92,0),('65544332211',93,0),('65544332211',94,0),('65544332211',95,0),('65544332211',96,0),('65544332211',97,0),('65544332211',98,0),('65544332211',99,0),('65544332211',100,0),('65544332211',101,0),('65544332211',102,0),('65544332211',103,0),('65544332211',104,0),('65544332211',105,0),('65544332211',106,0),('65544332211',107,0),('65544332211',108,0),('65544332211',109,0),('65544332211',110,0),('65544332211',111,0),('65544332211',112,0),('65544332211',113,0),('65544332211',114,0),('65544332211',115,0),('65544332211',116,0),('65544332211',117,0),('65544332211',118,0),('65544332211',119,0),('65544332211',120,0),('65544332211',121,0),('65544332211',122,0),('65544332211',123,0),('65544332211',124,0),('65544332211',125,0),('65544332211',126,0),('65544332211',127,0),('65544332211',128,0),('65544332211',129,0),('65544332211',130,0),('65544332211',131,0),('65544332211',132,0),('65544332211',133,0),('65544332211',134,0),('65544332211',135,0),('65544332211',136,0),('65544332211',137,0),('65544332211',138,0),('65544332211',139,0),('65544332211',140,0),('65544332211',141,0),('65544332211',142,0),('65544332211',143,0),('65544332211',144,0),('65544332211',145,0),('65544332211',146,0),('65544332211',147,0),('65544332211',148,0),('65544332211',149,0),('65544332211',150,0),('65544332211',151,0),('65544332211',152,0),('65544332211',153,0),('65544332211',154,0),('65544332211',155,0),('65544332211',156,0),('65544332211',157,0),('65544332211',158,0),('65544332211',159,0),('65544332211',160,0),('65544332211',161,0),('65544332211',162,0),('65544332211',163,0),('65544332211',164,0),('65544332211',165,0),('65544332211',166,0),('65544332211',167,0),('65544332211',168,0),('65544332211',169,0),('65544332211',170,0),('65544332211',171,0),('65544332211',172,0),('65544332211',173,0),('65544332211',174,0),('65544332211',175,0),('65544332211',176,0),('65544332211',177,0),('65544332211',178,0),('65544332211',179,0),('65544332211',180,0),('65544332211',181,0),('65544332211',182,0),('65544332211',183,0),('65544332211',184,0),('65544332211',185,0),('65544332211',186,0),('65544332211',187,0),('65544332211',188,0),('65544332211',189,0),('65544332211',190,0),('65544332211',191,0),('65544332211',192,0),('65544332211',193,0),('65544332211',194,0),('65544332211',195,0),('65544332211',196,0),('65544332211',197,0),('65544332211',198,0),('65544332211',199,0),('65544332211',200,0),('65544332211',201,0),('65544332211',202,0),('65544332211',203,0),('65544332211',204,0),('65544332211',205,0),('65544332211',206,0),('65544332211',207,0),('65544332211',208,0),('65544332211',209,0),('65544332211',210,0),('65544332211',211,0),('65544332211',212,0),('65544332211',213,0),('65544332211',214,0),('65544332211',215,0),('65544332211',216,0),('65544332211',217,0),('65544332211',218,0),('65544332211',219,0),('65544332211',220,0),('65544332211',221,0),('65544332211',222,0),('65544332211',223,0),('65544332211',224,0),('65544332211',225,0),('65544332211',226,0),('65544332211',227,0),('65544332211',228,0),('65544332211',229,0),('65544332211',230,0),('65544332211',231,0),('65544332211',232,0),('65544332211',233,0),('65544332211',234,0),('65544332211',235,0),('65544332211',236,0),('65544332211',237,0),('65544332211',238,0),('65544332211',239,0),('65544332211',240,0),('65544332211',241,0),('65544332211',242,0),('65544332211',243,0),('65544332211',244,0),('65544332211',245,0),('65544332211',246,0),('65544332211',247,0),('65544332211',248,0),('65544332211',249,0),('65544332211',250,0),('65544332211',251,0),('65544332211',252,0),('65544332211',253,0),('65544332211',254,0),('65544332211',255,0),('65544332211',256,0),('65544332211',257,0),('65544332211',258,0),('65544332211',259,0),('65544332211',260,0),('65544332211',261,0),('65544332211',262,0),('65544332211',263,0),('65544332211',264,0),('65544332211',265,0),('65544332211',266,0),('65544332211',267,0),('65544332211',268,0),('65544332211',269,0),('65544332211',270,0),('65544332211',271,0),('65544332211',272,0),('65544332211',273,0),('65544332211',274,0),('65544332211',275,0),('65544332211',276,0),('65544332211',277,0),('65544332211',278,0),('65544332211',279,0),('65544332211',280,0),('65544332211',281,0),('65544332211',282,0),('65544332211',283,0),('65544332211',284,0),('65544332211',285,0),('65544332211',286,0),('65544332211',287,0),('65544332211',288,0),('65544332211',289,0),('65544332211',290,0),('65544332211',291,0),('65544332211',292,0),('65544332211',293,0),('65544332211',294,0),('65544332211',295,0),('65544332211',296,0),('65544332211',297,0),('65544332211',298,0),('65544332211',299,0),('65544332211',300,0),('65544332211',301,0),('65544332211',302,0),('65544332211',303,0),('65544332211',304,0),('65544332211',305,0),('65544332211',306,0),('65544332211',307,0),('65544332211',308,0),('65544332211',309,0),('65544332211',310,0),('65544332211',311,0),('65544332211',312,0),('65544332211',313,0),('65544332211',314,0),('65544332211',315,0),('65544332211',316,0),('65544332211',317,0),('65544332211',318,0),('65544332211',319,0),('65544332211',320,0),('65544332211',321,0),('65544332211',322,0),('65544332211',323,0),('65544332211',324,0),('65544332211',325,0),('65544332211',326,0),('65544332211',327,0),('65544332211',328,0),('65544332211',329,0),('65544332211',330,0),('65544332211',331,0),('65544332211',332,0),('65544332211',333,0),('65544332211',334,0),('65544332211',335,0),('65544332211',336,0),('65544332211',337,0),('65544332211',338,0),('65544332211',339,0),('65544332211',340,0),('65544332211',341,0),('65544332211',342,0),('65544332211',343,0),('65544332211',344,0),('65544332211',345,0),('65544332211',346,0),('65544332211',347,0),('65544332211',348,0),('65544332211',349,0),('65544332211',350,0),('65544332211',351,0),('65544332211',352,0),('65544332211',353,0),('65544332211',354,0),('65544332211',355,0),('65544332211',356,0),('65544332211',357,0),('65544332211',358,0),('65544332211',359,0),('65544332211',360,0),('65544332211',361,0),('65544332211',362,0),('65544332211',363,0),('65544332211',364,0),('65544332211',365,0),('65544332211',366,0),('65544332211',367,0),('65544332211',368,0),('65544332211',369,0),('65544332211',370,0),('65544332211',371,0),('65544332211',372,0),('65544332211',373,0),('65544332211',374,0),('65544332211',375,0),('65544332211',376,0),('65544332211',377,0),('65544332211',378,0),('65544332211',379,0),('65544332211',380,0),('65544332211',381,0),('65544332211',382,0),('65544332211',383,0),('65544332211',384,0),('65544332211',385,0),('65544332211',386,0),('65544332211',387,0),('65544332211',388,0),('65544332211',389,0),('65544332211',390,0),('65544332211',391,0),('65544332211',392,0),('65544332211',393,0),('65544332211',394,0),('65544332211',395,0),('65544332211',396,0),('65544332211',397,0),('65544332211',398,0),('65544332211',399,0),('65544332211',400,0),('65544332211',401,0),('65544332211',402,0),('65544332211',403,0),('65544332211',404,0),('65544332211',405,0),('65544332211',406,0),('65544332211',407,0),('65544332211',408,0),('65544332211',409,0),('65544332211',410,0),('65544332211',411,0),('65544332211',412,0),('65544332211',413,0),('65544332211',414,0),('65544332211',415,0),('65544332211',416,0),('65544332211',417,0),('65544332211',418,0),('65544332211',419,0),('65544332211',420,0),('65544332211',421,0),('65544332211',422,0),('65544332211',423,0),('65544332211',424,0),('65544332211',425,0),('65544332211',426,0),('65544332211',427,0),('65544332211',428,0),('65544332211',429,0),('65544332211',430,0),('65544332211',431,0),('65544332211',432,0),('65544332211',433,0),('65544332211',434,0),('65544332211',435,0),('65544332211',436,0),('65544332211',437,0),('65544332211',438,0),('65544332211',439,0),('65544332211',440,0),('65544332211',441,0),('65544332211',442,0),('65544332211',443,0),('65544332211',444,0),('65544332211',445,0),('65544332211',446,0),('65544332211',447,0),('65544332211',448,0),('65544332211',449,0),('65544332211',450,0),('65544332211',451,0),('65544332211',452,0),('65544332211',453,0),('65544332211',454,0),('65544332211',455,0),('65544332211',456,0),('65544332211',457,0),('65544332211',458,0),('65544332211',459,0),('65544332211',460,0),('65544332211',461,0),('65544332211',462,0),('65544332211',463,0),('65544332211',464,0),('65544332211',465,0),('65544332211',466,0),('65544332211',467,0),('65544332211',468,0),('65544332211',469,0),('65544332211',470,0),('65544332211',471,0),('65544332211',472,0),('65544332211',473,0),('65544332211',474,0),('65544332211',475,0),('65544332211',476,0),('65544332211',477,0),('65544332211',478,0),('65544332211',479,0),('65544332211',480,0),('65544332211',481,0),('65544332211',482,0),('65544332211',483,0),('65544332211',484,0),('65544332211',485,0),('65544332211',486,0),('65544332211',487,0),('65544332211',488,0),('65544332211',489,0),('65544332211',490,0),('65544332211',491,0),('65544332211',492,0),('65544332211',493,0),('65544332211',494,0),('65544332211',495,0),('65544332211',496,0),('65544332211',497,0),('65544332211',498,0),('65544332211',499,0),('65544332211',500,0),('65544332211',501,0),('65544332211',502,0),('65544332211',503,0),('65544332211',504,0),('65544332211',505,0),('65544332211',506,0),('65544332211',507,0),('65544332211',508,0),('65544332211',509,0),('65544332211',510,0),('65544332211',511,0),('65544332211',512,0),('65544332211',513,0),('65544332211',514,0),('65544332211',515,0),('65544332211',516,0),('65544332211',517,0),('65544332211',518,0),('65544332211',519,0),('65544332211',520,0),('65544332211',521,0),('65544332211',522,0),('65544332211',523,0),('65544332211',524,0),('65544332211',525,0),('65544332211',526,0),('65544332211',527,0),('65544332211',528,0),('65544332211',529,0),('65544332211',530,0),('65544332211',531,0),('65544332211',532,0),('65544332211',533,0),('65544332211',534,0),('65544332211',535,0),('65544332211',536,0),('65544332211',537,0),('65544332211',538,0),('65544332211',539,0),('65544332211',540,0),('65544332211',541,0),('65544332211',542,0),('65544332211',543,0),('65544332211',544,0),('65544332211',545,0),('65544332211',546,0),('65544332211',547,0),('65544332211',548,0),('65544332211',549,0),('65544332211',550,0),('65544332211',551,0),('65544332211',552,0),('65544332211',553,0),('65544332211',554,0),('65544332211',555,0),('65544332211',556,0),('65544332211',557,0),('65544332211',558,0),('65544332211',559,0),('65544332211',560,0),('65544332211',561,0),('65544332211',562,0),('65544332211',563,0),('65544332211',564,0),('65544332211',565,0),('65544332211',566,0),('65544332211',567,0),('65544332211',568,0),('65544332211',569,0),('65544332211',570,0),('65544332211',571,0),('65544332211',572,0),('65544332211',573,0),('65544332211',574,0),('65544332211',575,0),('65544332211',576,0),('65544332211',577,0),('65544332211',578,0),('65544332211',579,0),('65544332211',580,0),('65544332211',581,0),('65544332211',582,0),('65544332211',583,0),('65544332211',584,0),('65544332211',585,0),('65544332211',586,0),('65544332211',587,0),('65544332211',588,0),('65544332211',589,0),('65544332211',590,0),('65544332211',591,0),('65544332211',592,0),('65544332211',593,0),('65544332211',594,0),('65544332211',595,0),('65544332211',596,0),('65544332211',597,0),('65544332211',598,0),('65544332211',599,0),('65544332211',600,0),('65544332211',601,0),('65544332211',602,0),('65544332211',603,0),('65544332211',604,0),('65544332211',605,0),('65544332211',606,0),('65544332211',607,0),('65544332211',608,0),('65544332211',609,0),('65544332211',610,0),('65544332211',611,0),('65544332211',612,0),('65544332211',613,0),('65544332211',614,0),('65544332211',615,0),('65544332211',616,0),('65544332211',617,0),('65544332211',618,0),('65544332211',619,0),('65544332211',620,0),('65544332211',621,0),('65544332211',622,0),('65544332211',623,0),('65544332211',624,0),('65544332211',625,0),('65544332211',626,0),('65544332211',627,0),('65544332211',628,0),('65544332211',629,0),('65544332211',630,0),('65544332211',631,0),('65544332211',632,0),('65544332211',633,0),('65544332211',634,0),('65544332211',635,0),('65544332211',636,0),('65544332211',637,0),('65544332211',638,0),('65544332211',639,0),('65544332211',640,0),('65544332211',641,0),('65544332211',642,0),('65544332211',643,0),('65544332211',644,0),('65544332211',645,0),('65544332211',646,0),('65544332211',647,0),('65544332211',648,0),('65544332211',649,0),('65544332211',650,0),('65544332211',651,0),('65544332211',652,0),('65544332211',653,0),('65544332211',654,0),('65544332211',655,0),('65544332211',656,0),('65544332211',657,0),('65544332211',658,0),('65544332211',659,0),('65544332211',660,0),('65544332211',661,0),('65544332211',662,0),('65544332211',663,0),('65544332211',664,0),('65544332211',665,0),('65544332211',666,0),('65544332211',667,0),('65544332211',668,0),('65544332211',669,0),('65544332211',670,0),('65544332211',671,0),('65544332211',672,0),('65544332211',673,0),('65544332211',674,0),('65544332211',675,0),('65544332211',676,0),('65544332211',677,0),('65544332211',678,0),('65544332211',679,0),('65544332211',680,0),('65544332211',681,0);
/*!40000 ALTER TABLE `fig_colecao` ENABLE KEYS */;
UNLOCK TABLES;

--
-- Table structure for table `figurinha`
--

DROP TABLE IF EXISTS `figurinha`;
/*!40101 SET @saved_cs_client     = @@character_set_client */;
/*!40101 SET character_set_client = utf8 */;
CREATE TABLE `figurinha` (
  `ID` smallint(3) unsigned NOT NULL,
  `Nome` varchar(100) NOT NULL,
  PRIMARY KEY (`ID`)
) ENGINE=InnoDB DEFAULT CHARSET=latin1;
/*!40101 SET character_set_client = @saved_cs_client */;

--
-- Dumping data for table `figurinha`
--

LOCK TABLES `figurinha` WRITE;
/*!40000 ALTER TABLE `figurinha` DISABLE KEYS */;
INSERT INTO `figurinha` VALUES (0,'Logo Panini'),(1,'Logo FIFA'),(2,'Trofu da Copa do Mundo'),(3,'Grfico Copa 2018 1'),(4,'Grfico Copa 2018 2'),(5,'Logo Copa 2018 1'),(6,'Logo Copa 2018 2'),(7,'Bola Oficial'),(8,'Estdio - Ekaterinburg Arena'),(9,'Estdio - Kaliningrad Stadium'),(10,'Estdio - Kazan Arena'),(11,'Estdio - Spartak Stadium'),(12,'Estdio - Nizhny Novgorod Stadium'),(13,'Estdio - Luzhniki Stadium'),(14,'Estdio - Rostov Arena'),(15,'Estdio - Saint Petersburg Stadium'),(16,'Estdio - Samara Arena'),(17,'Estdio - Mordovia Arena'),(18,'Estdio - Fisht Stadium'),(19,'Estdio - Volgograd Arena'),(20,'Poster - Moscow 1'),(21,'Poster - Moscow 2'),(22,'Poster - Kaliningrad'),(23,'Poster - Saint Petersburg'),(24,'Poster - Sochi'),(25,'Poster - Rostov-on-Don'),(26,'Poster - Volgograd'),(27,'Poster - Kazan'),(28,'Poster - Nizhny Novgorod'),(29,'Poster - Samara'),(30,'Poster - Yekaterinburg'),(31,'Poster - Saransk'),(32,'Escudo - Rssia'),(33,'Seleo - Rssia'),(34,'Igor Akinfeev'),(35,'Igor Smolnikov'),(36,'Viktor Vasin'),(37,'Mario Fernandes'),(38,'Fedor Kudryashov'),(39,'Ilya Kutepov'),(40,'Dmitri Kombarov'),(41,'Aleksei Miranchuk'),(42,'Denis Glushakov'),(43,'Aleksandr Golovin'),(44,'Yuri Zhirkov'),(45,'Aleksandr Samedov'),(46,'Aleksandr Erokhin'),(47,'Alan Dzagoev'),(48,'Daler Kuzyayev'),(49,'Dmitry Poloz'),(50,'Fedor Smolov'),(51,'Aleksandr Kokorin'),(52,'Escudo - Arbia Saudita'),(53,'Seleo - Arbia Saudita'),(54,'Abdullah Al-Mayouf'),(55,'Osama Hawsawi'),(56,'Abdullah Al-Zori'),(57,'Mansoor Al-Harbi'),(58,'Omar Hawsawi'),(59,'Yasser Al-Shahrani'),(60,'Motaz Hawsawi '),(61,'Mohammed Al-Breik'),(62,'Taisir Al-Jassim'),(63,'Salman Al-Faraj'),(64,'Abdulmalek Al-Khaibri'),(65,'Salman Al-Moasher '),(66,'Yahya Al-Shehri '),(67,'Salem Al-Dawsari '),(68,'Nawaf Al-Abed'),(69,'Mohammad Al-Sahlawi'),(70,'Nasser Al-Shamrani '),(71,'Fahad Al-Muwallad '),(72,'Escudo - Egito'),(73,'Seleo - Egito'),(74,'Essam El Hadary'),(75,'Ali Gabr'),(76,'Ahmed El Mohamady'),(77,'Omar Gaber'),(78,'Ramy Rabia'),(79,'Ahmed Hegazi'),(80,'Ahmed Abdelmonem Fathy'),(81,'Mohamed Abdel Shafy'),(82,'Saad Samir'),(83,'Tarek Hamed'),(84,'Mahmoud Kahraba'),(85,'Mohamed Elneny'),(86,'Mahmoud Trezeguet'),(87,'Abdallah Said'),(88,'Ramadan Sobhi'),(89,'Ahmed Hassan'),(90,'Mohamed Salah'),(91,'Amr Gamal'),(92,'Escudo - Uruguai'),(93,'Seleo - Uruguai'),(94,'Fernando Muslera'),(95,'Maxi Pereira'),(96,'Diego Godin'),(97,'Martin Caceres'),(98,'Jose Gimenez'),(99,'Sebastian Coates'),(100,'Gaston Silva'),(101,'Mathias Corujo'),(102,'Egidio Arevalo Rios'),(103,'Alvaro Gonzalez'),(104,'Nicolas Lodeiro'),(105,'Carlos Sanchez'),(106,'Cristian Rodriguez'),(107,'Matias Vecino'),(108,'Edinson Cavani'),(109,'Luis Suarez'),(110,'Cristhian Stuani'),(111,'Diego Rolan'),(112,'Escudo - Portugal'),(113,'Seleo - Portugal'),(114,'Rui Patricio'),(115,'Bruno Alves'),(116,'Pepe'),(117,'Jose Fonte'),(118,'Eliseu'),(119,'Cedric'),(120,'Raphael Guerreiro'),(121,'Joao Moutinho'),(122,'Joao Mario'),(123,'Danilo Pereira'),(124,'William Carvalho'),(125,'Andre Gomes'),(126,'Ricardo Quaresma'),(127,'Bernardo Silva'),(128,'Andre Silva'),(129,'Gelson Martins'),(130,'Cristiano Ronaldo'),(131,'Nani'),(132,'Escudo - Espanha'),(133,'Seleo - Espanha'),(134,'David de Gea'),(135,'Jordi Alba'),(136,'Nacho'),(137,'Nacho Monreal'),(138,'Gerard Pique'),(139,'Sergio Ramos'),(140,'Daniel Carvajal'),(141,'Sergio Busquets'),(142,'Thiago Alcantara'),(143,'Isco'),(144,'Koke'),(145,'Marco Asensio'),(146,'Andres Iniesta'),(147,'David Villa'),(148,'Saul Niguez'),(149,'Alvaro Morata'),(150,'Vitolo'),(151,'Diego Costa'),(152,'Escudo - Marrocos'),(153,'Seleo - Marrocos'),(154,'Munir Mohamedi'),(155,'Medhi Benatia'),(156,'Nabil Dirar'),(157,'Romain Saiss'),(158,'Fouad Chafik'),(159,'Hamza Mendyl'),(160,'Achraf Hakimi'),(161,'Mbark Boussoufa'),(162,'Karim El Ahmadi'),(163,'Younes Belhanda'),(164,'Nordin Amrabat'),(165,'Faycal Fajr'),(166,'Hakim Ziyech'),(167,'Youssef Ait Bennasser'),(168,'Khalid Boutaib'),(169,'Rachid Alioui'),(170,'Aziz Bouhaddouz'),(171,'Youssef En-Nesyri'),(172,'Escudo - Ir'),(173,'Seleo - Ir'),(174,'Alireza Beiranvand'),(175,'Pejman Montazeri'),(176,'Vouria Ghafouri'),(177,'Jalal Hosseini'),(178,'Milad Mohammadi'),(179,'Morteza Pouraliganji'),(180,'Ramin Rezaeian'),(181,'Ehsan Hajsafi'),(182,'Omid Ebrahimi'),(183,'Saeid Ezatolahi'),(184,'Vahid Amiri'),(185,'Alireza Jahanbakhsh'),(186,'Ashkan Dejagah'),(187,'Saman Ghoddos'),(188,'Mehdi Taremi'),(189,'Karim Ansarifard'),(190,'Reza Ghoochannejhad'),(191,'Sardar Azmoun'),(192,'Escudo - Frana'),(193,'Seleo - Frana'),(194,'Hugo Lloris'),(195,'Raphael Varane'),(196,'Lucas Digne'),(197,'Djibril Sidibe'),(198,'Samuel Umtiti'),(199,'Layvin Kurzawa'),(200,'Laurent Koscielny'),(201,'Blaise Matuidi'),(202,'N\'Golo Kante'),(203,'Thomas Lemar'),(204,'Adrien Rabiot'),(205,'Paul Pogba'),(206,'Olivier Giroud'),(207,'Antoine Griezmann'),(208,'Alexandre Lacazette'),(209,'Kylian Mbappe'),(210,'Ousmane Dembele'),(211,'Anthony Martial'),(212,'Escudo - Austrlia'),(213,'Seleo - Austrlia'),(214,'Mathew Ryan'),(215,'Mitchell Langerak'),(216,'Milos Degenek'),(217,'Bailey Wright'),(218,'Aziz Behich'),(219,'Trent Sainsbury'),(220,'Ryan McGowan'),(221,'Mark Milligan'),(222,'Aaron Mooy'),(223,'James Troisi'),(224,'Mile Jedinak'),(225,'Massimo Luongo'),(226,'Jackson Irvine'),(227,'Tom Rogic'),(228,'Tim Cahill'),(229,'Mathew Leckie'),(230,'Tomi Juric'),(231,'Robbie Kruse'),(232,'Escudo - Peru'),(233,'Seleo - Peru'),(234,'Pedro Gallese'),(235,'Carlos Caceda'),(236,'Aldo Corzo'),(237,'Miguel Trauco'),(238,'Christian Ramos'),(239,'Luis Advincula'),(240,'Alberto Rodriguez'),(241,'Miguel Araujo'),(242,'Christian Cueva'),(243,'Renato Tapia'),(244,'Andy Polo'),(245,'Yoshimar Yotun'),(246,'Edison Flores'),(247,'Paolo Hurtado'),(248,'Paolo Guerrero'),(249,'Jefferson Farfan'),(250,'Raul Ruidiaz'),(251,'Andre Carrillo'),(252,'Escudo - Dinamarca'),(253,'Seleo - Dinamarca'),(254,'Kasper Schmeichel'),(255,'Jannik Vestergaard'),(256,'Simon Kjaer'),(257,'Andreas Christensen'),(258,'Andreas Bjelland'),(259,'Mathias Jorgensen'),(260,'Jens Stryger Larsen'),(261,'Peter Ankersen'),(262,'Riza Durmisi'),(263,'William Kvist'),(264,'Thomas Delaney'),(265,'Christian Eriksen'),(266,'Lasse Schone'),(267,'Pione Sisto'),(268,'Nicklas Bendtner'),(269,'Nicolai Jorgensen'),(270,'Yussuf Poulsen'),(271,'Andreas Cornelius'),(272,'Escudo - Argentina'),(273,'Seleo - Argentina'),(274,'Sergio Romero'),(275,'Gabriel Mercado'),(276,'Federico Fazio'),(277,'Javier Mascherano'),(278,'Nicolas Otamendi'),(279,'Marcos Rojo'),(280,'Ramiro Funes Mori'),(281,'Lucas Biglia'),(282,'Enzo Perez'),(283,'Angel Di Maria'),(284,'Marcos Acuna'),(285,'Ever Banega'),(286,'Eduardo Salvio'),(287,'Mauro Icardi'),(288,'Lionel Messi'),(289,'Paulo Dybala'),(290,'Sergio Aguero'),(291,'Gonzalo Higuain'),(292,'Escudo - Islndia'),(293,'Seleo - Islndia'),(294,'Hannes Halldorsson'),(295,'Birkir Saevarsson'),(296,'Ragnar Sigurosson'),(297,'Kari Arnason'),(298,'Ari Skulason'),(299,'Sverrir Ingason'),(300,'Hordur Magnusson'),(301,'Aron Gunnarsson'),(302,'Birkir Bjarnason'),(303,'Emil Hallfredsson'),(304,'Gylfi Sigurdsson'),(305,'Arnor Ingvi Traustason'),(306,'Rurik Gislason'),(307,'Johann Gudmundsson'),(308,'Alfred Finnbogason'),(309,'Jon Dadi Bodvarsson'),(310,'Vidar Orn Kjartansson'),(311,'Bjorn Sigurdarson'),(312,'Escudo - Crocia'),(313,'Seleo - Crocia'),(314,'Danijel Subasic'),(315,'Sime Vrsaljko'),(316,'Ivan Strinic'),(317,'Dejan Lovren'),(318,'Domagoj Vida'),(319,'Josip Pivaric'),(320,'Vedran Corluka'),(321,'Ivan Rakitic'),(322,'Luka Modric'),(323,'Marcelo Brozovic'),(324,'Marko Rog'),(325,'Mario Pasalic'),(326,'Milan Badelj'),(327,'Mateo Kovacic'),(328,'Andrej Kramaric'),(329,'Nikola Kalinic'),(330,'Mario Mandzukic'),(331,'Ivan Perisic'),(332,'Escudo - Nigria'),(333,'Seleo - Nigria'),(334,'Ikechukwu Ezenwa'),(335,'Elderson Echiejile'),(336,'Shehu Abdullahi'),(337,'William Troost-Ekong'),(338,'Leon Balogun'),(339,'Kenneth Omeruo'),(340,'Ola Aina'),(341,'John Obi Mikel'),(342,'Ogenyi Onazi'),(343,'Etebo Oghenekaro '),(344,'Wilfred Ndidi'),(345,'Mikel Agu'),(346,'Ahmed Musa'),(347,'Victor Moses'),(348,'Moses Simon'),(349,'Odion Ighalo'),(350,'Alex Iwobi'),(351,'Kelechi Iheanacho'),(352,'Escudo - Brasil'),(353,'Seleo - Brasil'),(354,'Alisson'),(355,'Dani Alves'),(356,'Thiago Silva'),(357,'Miranda'),(358,'Filipe Luis'),(359,'Marquinhos'),(360,'Marcelo'),(361,'Willian'),(362,'Paulinho'),(363,'Fernandinho'),(364,'Casemiro'),(365,'Renato Augusto'),(366,'Giuliano'),(367,'Philippe Coutinho'),(368,'Douglas Costa'),(369,'Roberto Firmino'),(370,'Gabriel Jesus'),(371,'Neymar Jr'),(372,'Escudo - Suia'),(373,'Seleo - Suia'),(374,'Yann Sommer'),(375,'Stephan Lichtsteiner'),(376,'Manuel Akanji'),(377,'Michael Lang'),(378,'Ricardo Rodriguez'),(379,'Johan Djourou'),(380,'Fabian Schar'),(381,'Granit Xhaka '),(382,'Steven Zuber'),(383,'Blerim Dzemaili'),(384,'Denis Zakaria'),(385,'Xherdan Shaqiri'),(386,'Valon Behrami'),(387,'Gelson Fernandes'),(388,'Breel Embolo'),(389,'Haris Seferovic'),(390,'Admir Mehmedi'),(391,'Eren Derdiyok'),(392,'Escudo - Costa Rica'),(393,'Seleo - Costa Rica'),(394,'Keylor Navas '),(395,'Giancarlo Gonzalez '),(396,'Cristian Gamboa '),(397,'Bryan Oviedo '),(398,'Francisco Calvo '),(399,'Kendall Waston '),(400,'Ronald Matarrita '),(401,'Michael Umana'),(402,'Johnny Acosta '),(403,'Bryan Ruiz'),(404,'Celso Borges '),(405,'Christian Bolanos'),(406,'Randall Azofeifa'),(407,'David Guzman '),(408,'Rodney Wallace '),(409,'Joel Campbell'),(410,'Marco Urena '),(411,'Johan Venegas '),(412,'Escudo - Srvia'),(413,'Seleo - Srvia'),(414,'Vladimir Stojkovic'),(415,'Branislav Ivanovic'),(416,'Aleksandar Kolarov'),(417,'Antonio Rukavina'),(418,'Matija Nastasic'),(419,'Dusko Tosic'),(420,'Nikola Maksimovic'),(421,'Jagos Vukovic'),(422,'Dusan Tadic'),(423,'Sergej Milinkovic-Savic'),(424,'Nemanja Matic'),(425,'Luka Milivojevic'),(426,'Adem Ljajic '),(427,'Nemanja Gudelj '),(428,'Mijat Gacinovic '),(429,'Filip Kostic'),(430,'Aleksandar Mitrovic'),(431,'Aleksandar Prijovic'),(432,'Escudo - Alemanha'),(433,'Seleo - Alemanha'),(434,'Manuel Neuer'),(435,'Mats Hummels '),(436,'Antonio Rudiger '),(437,'Jerome Boateng '),(438,'Joshua Kimmich '),(439,'Jonas Hector '),(440,'Julian Draxler '),(441,'Toni Kroos '),(442,'Emre Can'),(443,'Leon Goretzka '),(444,'Julian Brandt'),(445,'Sebastian Rudy '),(446,'Leroy Sane '),(447,'Mesut Ozil '),(448,'Sami Khedira '),(449,'Mario Gotze '),(450,'Thomas Muller '),(451,'Timo Werner '),(452,'Escudo - Mxico'),(453,'Seleo - Mxico'),(454,'Guillermo Ochoa '),(455,'Hugo Ayala '),(456,'Diego Reyes '),(457,'Hector Moreno '),(458,'Jesus Gallardo '),(459,'Miguel Layun '),(460,'Carlos Salcedo '),(461,'Jonathan dos Santos '),(462,'Giovani dos Santos '),(463,'Andres Guardado '),(464,'Hector Herrera '),(465,'Javier Aquino '),(466,'Jesus Corona '),(467,'Hirving Lozano '),(468,'Raul Jimenez '),(469,'Carlos Vela '),(470,'Javier Hernandez '),(471,'Oribe Peralta '),(472,'Escudo - Sucia'),(473,'Seleo - Sucia'),(474,'Robin Olsen '),(475,'Mikael Lustig '),(476,'Victor Nilsson Lindelof '),(477,'Andreas Granqvist '),(478,'Martin Olsson '),(479,'Ludwig Augustinsson '),(480,'Emil Krafth '),(481,'Pontus Jansson '),(482,'Sebastian Larsson '),(483,'Emil Forsberg '),(484,'Gustav Svensson'),(485,'Viktor Claesson '),(486,'Jimmy Durmaz '),(487,'Albin Ekdal '),(488,'Isaac Kiese Thelin '),(489,'Marcus Berg '),(490,'John Guidetti '),(491,'Ola Toivonen '),(492,'Escudo - Coria do Sul'),(493,'Seleo - Coria do Sul'),(494,'Kim Seung-gyu'),(495,'Kim Young-gwon'),(496,'Kim Jin-su'),(497,'Kwak Tae-hwi'),(498,'Hong Jeong-ho'),(499,'Jang Hyun-soo'),(500,'Koo Ja-cheol'),(501,'Kwon Chang-hoon'),(502,'Ki Sung-yueng'),(503,'Nam Tae-hee'),(504,'Han Kook-young'),(505,'Lee Chung-yong'),(506,'Jung Woo-young'),(507,'Lee Jae-sung'),(508,'Son Heung-min'),(509,'Ji Dong-won'),(510,'Kim Shin-wook'),(511,'Hwang Hee-chan'),(512,'Escudo - Blgica'),(513,'Seleo - Blgica'),(514,'Thibaut Courtois'),(515,'Toby Alderweireld'),(516,'Thomas Vermaelen'),(517,'Jan Vertonghen'),(518,'Vincent Kompany'),(519,'Thomas Meunier'),(520,'Axel Witsel'),(521,'Radja Nainggolan'),(522,'Kevin De Bruyne'),(523,'Marouane Fellaini'),(524,'Youri Tielemans'),(525,'Mousa Dembele'),(526,'Nacer Chadli'),(527,'Eden Hazard'),(528,'Yannick Carrasco'),(529,'Dries Mertens'),(530,'Michy Batshuayi'),(531,'Romelu Lukaku'),(532,'Escudo - Panam'),(533,'Seleo - Panam'),(534,'Jaime Penedo'),(535,'Jose Calderon'),(536,'Michael Murillo'),(537,'Fidel Escobar'),(538,'Roman Torres'),(539,'Adolfo Machado'),(540,'Eric Davis'),(541,'Luis Ovalle'),(542,'Felipe Baloy'),(543,'Gabriel Gomez'),(544,'Edgar Barcenas'),(545,'Armando Cooper'),(546,'Alberto Quintero'),(547,'Anibal Godoy'),(548,'Blas Perez'),(549,'Gabriel Torres'),(550,'Luis Tejada'),(551,'Abdiel Arroyo'),(552,'Escudo - Tunsia'),(553,'Seleo - Tunsia'),(554,'Aymen Mathlouthi'),(555,'Ali Maaloul'),(556,'Syam Ben Youssef'),(557,'Aymen Abdennour'),(558,'Hamdi Nagguez'),(559,'Yassine Meriah'),(560,'Oussama Haddadi'),(561,'Ferjani Sassi'),(562,'Wahbi Khazri'),(563,'Mohamed Amine Ben Amor'),(564,'Ghailene Chaalali'),(565,'Naim Sliti'),(566,'Youssef Msakni'),(567,'Fakhreddine Ben Youssef'),(568,'Taha Yassine Khenissi'),(569,'Yoann Touzghar'),(570,'Anice Badri'),(571,'Ahmed Akaichi'),(572,'Escudo - Inglaterra'),(573,'Seleo - Inglaterra'),(574,'Joe Hart'),(575,'Jordan Pickford'),(576,'Gary Cahill'),(577,'Kyle Walker'),(578,'John Stones'),(579,'Ryan Bertrand'),(580,'Danny Rose'),(581,'Phil Jones'),(582,'Jordan Henderson'),(583,'Alex Oxlade-Chamberlain'),(584,'Dele Alli'),(585,'Eric Dier'),(586,'Adam Lallana'),(587,'Jesse Lingard'),(588,'Raheem Sterling'),(589,'Harry Kane'),(590,'Marcus Rashford'),(591,'Jamie Vardy'),(592,'Escudo - Polnia'),(593,'Seleo - Polnia'),(594,'Lukasz Fabianski'),(595,'Wojciech Szczesny'),(596,'Lukasz Piszczek'),(597,'Kamil Glik'),(598,'Michal Pazdan'),(599,'Thiago Cionek'),(600,'Bartosz Bereszynski'),(601,'Artur Jedrzejczyk'),(602,'Maciej Rybus'),(603,'Jakub Blaszczykowski'),(604,'Kamil Grosicki'),(605,'Grzegorz Krychowiak'),(606,'Krzysztof Maczynski'),(607,'Piotr Zielinski'),(608,'Karol Linetty'),(609,'Robert Lewandowski'),(610,'Lukasz Teodorczyk'),(611,'Arkadiusz Milik'),(612,'Escudo - Senegal'),(613,'Seleo - Senegal'),(614,'Khadim N\'Diaye'),(615,'Kara Mbodji'),(616,'Lamine Gassama'),(617,'Kalidou Koulibaly'),(618,'Salif Sane'),(619,'Saliou Ciss'),(620,'Moussa Wague'),(621,'Idrissa Gueye'),(622,'Cheikhou Kouyate'),(623,'Cheikh Ndoye'),(624,'Pape Alioune N\'Diaye'),(625,'Sadio Mane'),(626,'Moussa Sow'),(627,'Moussa Konate'),(628,'Keita Balde'),(629,'M\'Baye Niang'),(630,'Ismaila Sarr'),(631,'Mame Diouf'),(632,'Escudo - Colmbia'),(633,'Seleo - Colmbia'),(634,'David Ospina'),(635,'Cristian Zapata'),(636,'Santiago Arias'),(637,'Frank Fabra'),(638,'Davinson Sanchez'),(639,'Yerry Mina'),(640,'Carlos Sanchez'),(641,'Juan Guillermo Cuadrado'),(642,'Abel Aguilar'),(643,'James Rodriguez'),(644,'Giovanni Moreno'),(645,'Wlmar Barrios'),(646,'Radamel Falcao Garcia'),(647,'Teofilo Gutierrez'),(648,'Carlos Bacca'),(649,'Edwin Cardona'),(650,'Yimmi Chara'),(651,'Duvan Zapata'),(652,'Escudo - Japo'),(653,'Seleo - Japo'),(654,'Eiji Kawashima'),(655,'Shusaku Nishikawa'),(656,'Masato Morishige'),(657,'Yuto Nagatomo'),(658,'Hiroki Sakai'),(659,'Tomoaki Makino'),(660,'Gotoku Sakai'),(661,'Maya Yoshida'),(662,'Hotaru Yamaguchi'),(663,'Shinji Kagawa'),(664,'Makoto Hasebe'),(665,'Hiroshi Kiyotake'),(666,'Keisuke Honda'),(667,'Takashi Usami'),(668,'Genki Haraguchi'),(669,'Shinji Okazaki'),(670,'Yuya Kubo'),(671,'Yuya Osako'),(672,'WCL - Brasil 1958'),(673,'WCL - Alemanha 2014'),(674,'WCL - Itlia 1982'),(675,'WCL - Ururguai 1930'),(676,'WCL - Argentina 1986'),(677,'WCL - Inglaterra 1966'),(678,'WCL - Frana 1998'),(679,'WCL - Espanha 2010'),(680,'WCL - Pel - Brasil'),(681,'WCL - Miroslav Klose - Alemanha');
/*!40000 ALTER TABLE `figurinha` ENABLE KEYS */;
UNLOCK TABLES;

--
-- Table structure for table `jogador`
--

DROP TABLE IF EXISTS `jogador`;
/*!40101 SET @saved_cs_client     = @@character_set_client */;
/*!40101 SET character_set_client = utf8 */;
CREATE TABLE `jogador` (
  `ID` smallint(3) unsigned NOT NULL,
  `Clube` varchar(30) NOT NULL,
  `Peso` float(3,1) NOT NULL,
  `Altura` float(3,2) NOT NULL,
  `Nascimento` date NOT NULL,
  `Convocacao` year(4) NOT NULL,
  `Posicao` char(3) NOT NULL,
  `Pais` varchar(20) NOT NULL,
  PRIMARY KEY (`ID`),
  CONSTRAINT `jogador_ibfk_1` FOREIGN KEY (`ID`) REFERENCES `figurinha` (`ID`)
) ENGINE=InnoDB DEFAULT CHARSET=latin1;
/*!40101 SET character_set_client = @saved_cs_client */;

--
-- Dumping data for table `jogador`
--

LOCK TABLES `jogador` WRITE;
/*!40000 ALTER TABLE `jogador` DISABLE KEYS */;
/*!40000 ALTER TABLE `jogador` ENABLE KEYS */;
UNLOCK TABLES;

--
-- Table structure for table `poster`
--

DROP TABLE IF EXISTS `poster`;
/*!40101 SET @saved_cs_client     = @@character_set_client */;
/*!40101 SET character_set_client = utf8 */;
CREATE TABLE `poster` (
  `ID` smallint(3) unsigned NOT NULL,
  `Cidade` varchar(20) NOT NULL,
  PRIMARY KEY (`ID`),
  CONSTRAINT `poster_ibfk_1` FOREIGN KEY (`ID`) REFERENCES `figurinha` (`ID`)
) ENGINE=InnoDB DEFAULT CHARSET=latin1;
/*!40101 SET character_set_client = @saved_cs_client */;

--
-- Dumping data for table `poster`
--

LOCK TABLES `poster` WRITE;
/*!40000 ALTER TABLE `poster` DISABLE KEYS */;
/*!40000 ALTER TABLE `poster` ENABLE KEYS */;
UNLOCK TABLES;

--
-- Table structure for table `recomendadas`
--

DROP TABLE IF EXISTS `recomendadas`;
/*!40101 SET @saved_cs_client     = @@character_set_client */;
/*!40101 SET character_set_client = utf8 */;
CREATE TABLE `recomendadas` (
  `ID` bigint(20) unsigned NOT NULL,
  PRIMARY KEY (`ID`),
  CONSTRAINT `recomendadas_ibfk_1` FOREIGN KEY (`ID`) REFERENCES `troca` (`ID`) ON DELETE CASCADE
) ENGINE=InnoDB DEFAULT CHARSET=latin1;
/*!40101 SET character_set_client = @saved_cs_client */;

--
-- Dumping data for table `recomendadas`
--

LOCK TABLES `recomendadas` WRITE;
/*!40000 ALTER TABLE `recomendadas` DISABLE KEYS */;
/*!40000 ALTER TABLE `recomendadas` ENABLE KEYS */;
UNLOCK TABLES;

--
-- Table structure for table `relacionamento_troca_recomendadas`
--

DROP TABLE IF EXISTS `relacionamento_troca_recomendadas`;
/*!40101 SET @saved_cs_client     = @@character_set_client */;
/*!40101 SET character_set_client = utf8 */;
CREATE TABLE `relacionamento_troca_recomendadas` (
  `Troca1` bigint(20) unsigned NOT NULL,
  `Troca2` bigint(20) unsigned NOT NULL,
  PRIMARY KEY (`Troca1`,`Troca2`),
  KEY `Troca2` (`Troca2`),
  CONSTRAINT `relacionamento_troca_recomendadas_ibfk_1` FOREIGN KEY (`Troca1`) REFERENCES `recomendadas` (`ID`) ON DELETE CASCADE,
  CONSTRAINT `relacionamento_troca_recomendadas_ibfk_2` FOREIGN KEY (`Troca2`) REFERENCES `recomendadas` (`ID`) ON DELETE CASCADE
) ENGINE=InnoDB DEFAULT CHARSET=latin1;
/*!40101 SET character_set_client = @saved_cs_client */;

--
-- Dumping data for table `relacionamento_troca_recomendadas`
--

LOCK TABLES `relacionamento_troca_recomendadas` WRITE;
/*!40000 ALTER TABLE `relacionamento_troca_recomendadas` DISABLE KEYS */;
/*!40000 ALTER TABLE `relacionamento_troca_recomendadas` ENABLE KEYS */;
UNLOCK TABLES;

--
-- Table structure for table `relacionamento_trocas_ativas`
--

DROP TABLE IF EXISTS `relacionamento_trocas_ativas`;
/*!40101 SET @saved_cs_client     = @@character_set_client */;
/*!40101 SET character_set_client = utf8 */;
CREATE TABLE `relacionamento_trocas_ativas` (
  `Troca1` bigint(20) unsigned NOT NULL,
  `Troca2` bigint(20) unsigned NOT NULL,
  PRIMARY KEY (`Troca1`,`Troca2`),
  KEY `Troca2` (`Troca2`),
  CONSTRAINT `relacionamento_trocas_ativas_ibfk_1` FOREIGN KEY (`Troca1`) REFERENCES `ativas` (`ID`) ON DELETE CASCADE,
  CONSTRAINT `relacionamento_trocas_ativas_ibfk_2` FOREIGN KEY (`Troca2`) REFERENCES `ativas` (`ID`) ON DELETE CASCADE
) ENGINE=InnoDB DEFAULT CHARSET=latin1;
/*!40101 SET character_set_client = @saved_cs_client */;

--
-- Dumping data for table `relacionamento_trocas_ativas`
--

LOCK TABLES `relacionamento_trocas_ativas` WRITE;
/*!40000 ALTER TABLE `relacionamento_trocas_ativas` DISABLE KEYS */;
/*!40000 ALTER TABLE `relacionamento_trocas_ativas` ENABLE KEYS */;
UNLOCK TABLES;

--
-- Table structure for table `selecao`
--

DROP TABLE IF EXISTS `selecao`;
/*!40101 SET @saved_cs_client     = @@character_set_client */;
/*!40101 SET character_set_client = utf8 */;
CREATE TABLE `selecao` (
  `ID` smallint(3) unsigned NOT NULL,
  `Pais` varchar(20) NOT NULL,
  PRIMARY KEY (`ID`),
  CONSTRAINT `selecao_ibfk_1` FOREIGN KEY (`ID`) REFERENCES `figurinha` (`ID`)
) ENGINE=InnoDB DEFAULT CHARSET=latin1;
/*!40101 SET character_set_client = @saved_cs_client */;

--
-- Dumping data for table `selecao`
--

LOCK TABLES `selecao` WRITE;
/*!40000 ALTER TABLE `selecao` DISABLE KEYS */;
/*!40000 ALTER TABLE `selecao` ENABLE KEYS */;
UNLOCK TABLES;

--
-- Table structure for table `troca`
--

DROP TABLE IF EXISTS `troca`;
/*!40101 SET @saved_cs_client     = @@character_set_client */;
/*!40101 SET character_set_client = utf8 */;
CREATE TABLE `troca` (
  `ID` bigint(20) unsigned NOT NULL,
  `De` char(11) NOT NULL,
  `Para` char(11) NOT NULL,
  `Fig` smallint(3) unsigned NOT NULL,
  PRIMARY KEY (`ID`),
  KEY `De` (`De`),
  KEY `Para` (`Para`),
  KEY `Fig` (`Fig`),
  CONSTRAINT `troca_ibfk_1` FOREIGN KEY (`De`) REFERENCES `usuario` (`CPF`) ON DELETE CASCADE,
  CONSTRAINT `troca_ibfk_2` FOREIGN KEY (`Para`) REFERENCES `usuario` (`CPF`) ON DELETE CASCADE,
  CONSTRAINT `troca_ibfk_3` FOREIGN KEY (`Fig`) REFERENCES `figurinha` (`ID`)
) ENGINE=InnoDB DEFAULT CHARSET=latin1;
/*!40101 SET character_set_client = @saved_cs_client */;

--
-- Dumping data for table `troca`
--

LOCK TABLES `troca` WRITE;
/*!40000 ALTER TABLE `troca` DISABLE KEYS */;
/*!40000 ALTER TABLE `troca` ENABLE KEYS */;
UNLOCK TABLES;

--
-- Table structure for table `usuario`
--

DROP TABLE IF EXISTS `usuario`;
/*!40101 SET @saved_cs_client     = @@character_set_client */;
/*!40101 SET character_set_client = utf8 */;
CREATE TABLE `usuario` (
  `CPF` char(11) NOT NULL,
  `Senha` char(8) NOT NULL,
  `Nome` varchar(60) NOT NULL,
  `Inter_Classe` tinyint(1) NOT NULL DEFAULT '0',
  `Qtt` tinyint(3) unsigned NOT NULL DEFAULT '0',
  PRIMARY KEY (`CPF`)
) ENGINE=InnoDB DEFAULT CHARSET=latin1;
/*!40101 SET character_set_client = @saved_cs_client */;

--
-- Dumping data for table `usuario`
--

LOCK TABLES `usuario` WRITE;
/*!40000 ALTER TABLE `usuario` DISABLE KEYS */;
INSERT INTO `usuario` VALUES ('11111111111','batata','juarez',1,1),('11622553344','hgfedcba','Kristofer',0,0),('12345123456','ab12cd34','Thiago',0,0),('12345612345','12345678','rick',1,7),('12356458978','oimacaco','Kriszao',1,1),('65544332211','12ab34cd','Matheus',1,5);
/*!40000 ALTER TABLE `usuario` ENABLE KEYS */;
UNLOCK TABLES;
/*!40103 SET TIME_ZONE=@OLD_TIME_ZONE */;

/*!40101 SET SQL_MODE=@OLD_SQL_MODE */;
/*!40014 SET FOREIGN_KEY_CHECKS=@OLD_FOREIGN_KEY_CHECKS */;
/*!40014 SET UNIQUE_CHECKS=@OLD_UNIQUE_CHECKS */;
/*!40101 SET CHARACTER_SET_CLIENT=@OLD_CHARACTER_SET_CLIENT */;
/*!40101 SET CHARACTER_SET_RESULTS=@OLD_CHARACTER_SET_RESULTS */;
/*!40101 SET COLLATION_CONNECTION=@OLD_COLLATION_CONNECTION */;
/*!40111 SET SQL_NOTES=@OLD_SQL_NOTES */;

-- Dump completed on 2018-06-25  1:18:10
